UNIPROT_ID,RELATIONSHIP,DRUGBANK_ID
P00734,HAS_RELATED_DRUG,DB00001
P00734,HAS_RELATED_DRUG,DB00006
P05164,HAS_RELATED_DRUG,DB00006
P00747,HAS_RELATED_DRUG,DB00009
P02671,HAS_RELATED_DRUG,DB00009
P05121,HAS_RELATED_DRUG,DB00009
Q03405,HAS_RELATED_DRUG,DB00009
P00747,HAS_RELATED_DRUG,DB00013
P05120,HAS_RELATED_DRUG,DB00013
P05121,HAS_RELATED_DRUG,DB00013
P05154,HAS_RELATED_DRUG,DB00013
P14543,HAS_RELATED_DRUG,DB00013
P39900,HAS_RELATED_DRUG,DB00013
P98164,HAS_RELATED_DRUG,DB00013
Q03405,HAS_RELATED_DRUG,DB00013
Q9Y5Y6,HAS_RELATED_DRUG,DB00013
P00747,HAS_RELATED_DRUG,DB00015
P02671,HAS_RELATED_DRUG,DB00015
P05121,HAS_RELATED_DRUG,DB00015
P00747,HAS_RELATED_DRUG,DB00029
P02671,HAS_RELATED_DRUG,DB00029
P05121,HAS_RELATED_DRUG,DB00029
P00747,HAS_RELATED_DRUG,DB00031
P02671,HAS_RELATED_DRUG,DB00031
P05120,HAS_RELATED_DRUG,DB00031
P05121,HAS_RELATED_DRUG,DB00031
P05452,HAS_RELATED_DRUG,DB00031
P05787,HAS_RELATED_DRUG,DB00031
P07355,HAS_RELATED_DRUG,DB00031
P27797,HAS_RELATED_DRUG,DB00031
P27824,HAS_RELATED_DRUG,DB00031
Q03405,HAS_RELATED_DRUG,DB00031
Q07954,HAS_RELATED_DRUG,DB00031
P04004,HAS_RELATED_DRUG,DB00054
P05106,HAS_RELATED_DRUG,DB00054
P08514,HAS_RELATED_DRUG,DB00054
P12318,HAS_RELATED_DRUG,DB00054
P31994,HAS_RELATED_DRUG,DB00054
P00451,HAS_RELATED_DRUG,DB00055
P00734,HAS_RELATED_DRUG,DB00055
P02776,HAS_RELATED_DRUG,DB00055
P05121,HAS_RELATED_DRUG,DB00055
P05154,HAS_RELATED_DRUG,DB00055
P07204,HAS_RELATED_DRUG,DB00055
P07225,HAS_RELATED_DRUG,DB00055
P12259,HAS_RELATED_DRUG,DB00055
P35237,HAS_RELATED_DRUG,DB00055
Q9UNN8,HAS_RELATED_DRUG,DB00055
P00747,HAS_RELATED_DRUG,DB00086
P25116,HAS_RELATED_DRUG,DB00086
P47712,HAS_RELATED_DRUG,DB00086
P06276,HAS_RELATED_DRUG,DB00178
P12821,HAS_RELATED_DRUG,DB00178
P46059,HAS_RELATED_DRUG,DB00178
P46663,HAS_RELATED_DRUG,DB00178
Q16348,HAS_RELATED_DRUG,DB00178
O15439,HAS_RELATED_DRUG,DB00203
O15440,HAS_RELATED_DRUG,DB00203
O76074,HAS_RELATED_DRUG,DB00203
P05181,HAS_RELATED_DRUG,DB00203
P08183,HAS_RELATED_DRUG,DB00203
P08684,HAS_RELATED_DRUG,DB00203
P10635,HAS_RELATED_DRUG,DB00203
P11712,HAS_RELATED_DRUG,DB00203
P18545,HAS_RELATED_DRUG,DB00203
P20815,HAS_RELATED_DRUG,DB00203
P24462,HAS_RELATED_DRUG,DB00203
P33261,HAS_RELATED_DRUG,DB00203
Q13956,HAS_RELATED_DRUG,DB00203
Q5T3U5,HAS_RELATED_DRUG,DB00203
Q9Y6L6,HAS_RELATED_DRUG,DB00203
P05164,HAS_RELATED_DRUG,DB00208
P05177,HAS_RELATED_DRUG,DB00208
P05181,HAS_RELATED_DRUG,DB00208
P10632,HAS_RELATED_DRUG,DB00208
P10635,HAS_RELATED_DRUG,DB00208
P11712,HAS_RELATED_DRUG,DB00208
P20813,HAS_RELATED_DRUG,DB00208
P33261,HAS_RELATED_DRUG,DB00208
Q9H244,HAS_RELATED_DRUG,DB00208
P02768,HAS_RELATED_DRUG,DB00214
P10632,HAS_RELATED_DRUG,DB00214
P11712,HAS_RELATED_DRUG,DB00214
P55011,HAS_RELATED_DRUG,DB00214
Q13621,HAS_RELATED_DRUG,DB00214
Q9Y6L6,HAS_RELATED_DRUG,DB00214
P43005,HAS_RELATED_DRUG,DB00230
P54289,HAS_RELATED_DRUG,DB00230
Q01650,HAS_RELATED_DRUG,DB00230
P00915,HAS_RELATED_DRUG,DB00232
P00918,HAS_RELATED_DRUG,DB00232
P22748,HAS_RELATED_DRUG,DB00232
Q13621,HAS_RELATED_DRUG,DB00232
Q14432,HAS_RELATED_DRUG,DB00235
O00305,HAS_RELATED_DRUG,DB00243
O60840,HAS_RELATED_DRUG,DB00243
O60939,HAS_RELATED_DRUG,DB00243
O95342,HAS_RELATED_DRUG,DB00243
P02763,HAS_RELATED_DRUG,DB00243
P08183,HAS_RELATED_DRUG,DB00243
P08588,HAS_RELATED_DRUG,DB00243
P08684,HAS_RELATED_DRUG,DB00243
P10635,HAS_RELATED_DRUG,DB00243
P25100,HAS_RELATED_DRUG,DB00243
P35348,HAS_RELATED_DRUG,DB00243
P35368,HAS_RELATED_DRUG,DB00243
P35498,HAS_RELATED_DRUG,DB00243
P35499,HAS_RELATED_DRUG,DB00243
P48050,HAS_RELATED_DRUG,DB00243
P54284,HAS_RELATED_DRUG,DB00243
P63252,HAS_RELATED_DRUG,DB00243
Q01118,HAS_RELATED_DRUG,DB00243
Q01668,HAS_RELATED_DRUG,DB00243
Q02641,HAS_RELATED_DRUG,DB00243
Q07699,HAS_RELATED_DRUG,DB00243
Q08289,HAS_RELATED_DRUG,DB00243
Q13698,HAS_RELATED_DRUG,DB00243
Q13936,HAS_RELATED_DRUG,DB00243
Q14500,HAS_RELATED_DRUG,DB00243
Q14524,HAS_RELATED_DRUG,DB00243
Q15858,HAS_RELATED_DRUG,DB00243
Q86VL8,HAS_RELATED_DRUG,DB00243
Q8IWT1,HAS_RELATED_DRUG,DB00243
Q96FL8,HAS_RELATED_DRUG,DB00243
Q99250,HAS_RELATED_DRUG,DB00243
Q9NY46,HAS_RELATED_DRUG,DB00243
Q9NY72,HAS_RELATED_DRUG,DB00243
Q9UI33,HAS_RELATED_DRUG,DB00243
Q9UNX9,HAS_RELATED_DRUG,DB00243
Q9UQD0,HAS_RELATED_DRUG,DB00243
Q9Y5Y9,HAS_RELATED_DRUG,DB00243
P05177,HAS_RELATED_DRUG,DB00261
Q14432,HAS_RELATED_DRUG,DB00261
O15244,HAS_RELATED_DRUG,DB00264
P02768,HAS_RELATED_DRUG,DB00264
P07550,HAS_RELATED_DRUG,DB00264
P08588,HAS_RELATED_DRUG,DB00264
P08684,HAS_RELATED_DRUG,DB00264
P10635,HAS_RELATED_DRUG,DB00264
P02768,HAS_RELATED_DRUG,DB00266
P05178,HAS_RELATED_DRUG,DB00266
P08683,HAS_RELATED_DRUG,DB00266
P11712,HAS_RELATED_DRUG,DB00266
P15559,HAS_RELATED_DRUG,DB00266
Q08257,HAS_RELATED_DRUG,DB00266
Q9BQB6,HAS_RELATED_DRUG,DB00266
O95180,HAS_RELATED_DRUG,DB00270
O95342,HAS_RELATED_DRUG,DB00270
P08684,HAS_RELATED_DRUG,DB00270
P54289,HAS_RELATED_DRUG,DB00270
Q01668,HAS_RELATED_DRUG,DB00270
Q08289,HAS_RELATED_DRUG,DB00270
Q13698,HAS_RELATED_DRUG,DB00270
Q13936,HAS_RELATED_DRUG,DB00270
Q9NY47,HAS_RELATED_DRUG,DB00270
O76074,HAS_RELATED_DRUG,DB00277
P00813,HAS_RELATED_DRUG,DB00277
P04798,HAS_RELATED_DRUG,DB00277
P05177,HAS_RELATED_DRUG,DB00277
P05181,HAS_RELATED_DRUG,DB00277
P08684,HAS_RELATED_DRUG,DB00277
P09874,HAS_RELATED_DRUG,DB00277
P10635,HAS_RELATED_DRUG,DB00277
P27815,HAS_RELATED_DRUG,DB00277
P29274,HAS_RELATED_DRUG,DB00277
P29275,HAS_RELATED_DRUG,DB00277
P30542,HAS_RELATED_DRUG,DB00277
Q07343,HAS_RELATED_DRUG,DB00277
Q14432,HAS_RELATED_DRUG,DB00277
Q15155,HAS_RELATED_DRUG,DB00277
Q16678,HAS_RELATED_DRUG,DB00277
Q7Z5B4,HAS_RELATED_DRUG,DB00277
Q8TCT9,HAS_RELATED_DRUG,DB00277
Q92769,HAS_RELATED_DRUG,DB00277
Q99829,HAS_RELATED_DRUG,DB00277
Q9Y4R7,HAS_RELATED_DRUG,DB00277
Q9Y694,HAS_RELATED_DRUG,DB00277
P00734,HAS_RELATED_DRUG,DB00278
P02763,HAS_RELATED_DRUG,DB00278
P02768,HAS_RELATED_DRUG,DB00278
P08684,HAS_RELATED_DRUG,DB00278
P19652,HAS_RELATED_DRUG,DB00278
P20815,HAS_RELATED_DRUG,DB00278
P00915,HAS_RELATED_DRUG,DB00310
P02768,HAS_RELATED_DRUG,DB00310
Q13621,HAS_RELATED_DRUG,DB00310
P00915,HAS_RELATED_DRUG,DB00311
P00918,HAS_RELATED_DRUG,DB00311
P07451,HAS_RELATED_DRUG,DB00311
P22748,HAS_RELATED_DRUG,DB00311
P43166,HAS_RELATED_DRUG,DB00311
Q4U2R8,HAS_RELATED_DRUG,DB00311
O95342,HAS_RELATED_DRUG,DB00335
P02768,HAS_RELATED_DRUG,DB00335
P07550,HAS_RELATED_DRUG,DB00335
P08588,HAS_RELATED_DRUG,DB00335
P10635,HAS_RELATED_DRUG,DB00335
P02763,HAS_RELATED_DRUG,DB00343
P02768,HAS_RELATED_DRUG,DB00343
P08183,HAS_RELATED_DRUG,DB00343
P08684,HAS_RELATED_DRUG,DB00343
P10632,HAS_RELATED_DRUG,DB00343
P10635,HAS_RELATED_DRUG,DB00343
P20815,HAS_RELATED_DRUG,DB00343
P24462,HAS_RELATED_DRUG,DB00343
P33261,HAS_RELATED_DRUG,DB00343
Q06432,HAS_RELATED_DRUG,DB00343
Q13936,HAS_RELATED_DRUG,DB00343
P00797,HAS_RELATED_DRUG,DB00350
P22309,HAS_RELATED_DRUG,DB00350
P23219,HAS_RELATED_DRUG,DB00350
P48048,HAS_RELATED_DRUG,DB00350
P00915,HAS_RELATED_DRUG,DB00381
P04798,HAS_RELATED_DRUG,DB00381
P08183,HAS_RELATED_DRUG,DB00381
P08684,HAS_RELATED_DRUG,DB00381
P10632,HAS_RELATED_DRUG,DB00381
P10635,HAS_RELATED_DRUG,DB00381
P17405,HAS_RELATED_DRUG,DB00381
P20813,HAS_RELATED_DRUG,DB00381
P20815,HAS_RELATED_DRUG,DB00381
Q00975,HAS_RELATED_DRUG,DB00381
Q02641,HAS_RELATED_DRUG,DB00381
Q13936,HAS_RELATED_DRUG,DB00381
Q8IZS8,HAS_RELATED_DRUG,DB00381
Q9P0X4,HAS_RELATED_DRUG,DB00381
A0A024R8I1,HAS_RELATED_DRUG,DB00381
O95342,HAS_RELATED_DRUG,DB00390
P05023,HAS_RELATED_DRUG,DB00390
P05108,HAS_RELATED_DRUG,DB00390
P08183,HAS_RELATED_DRUG,DB00390
P46721,HAS_RELATED_DRUG,DB00390
Q6ZQN7,HAS_RELATED_DRUG,DB00390
Q86UW1,HAS_RELATED_DRUG,DB00390
Q86UW2,HAS_RELATED_DRUG,DB00390
Q9Y6L6,HAS_RELATED_DRUG,DB00390
O00305,HAS_RELATED_DRUG,DB00393
O60840,HAS_RELATED_DRUG,DB00393
P08235,HAS_RELATED_DRUG,DB00393
P08684,HAS_RELATED_DRUG,DB00393
P35869,HAS_RELATED_DRUG,DB00393
P54284,HAS_RELATED_DRUG,DB00393
Q01668,HAS_RELATED_DRUG,DB00393
Q02641,HAS_RELATED_DRUG,DB00393
Q08289,HAS_RELATED_DRUG,DB00393
Q13698,HAS_RELATED_DRUG,DB00393
Q13936,HAS_RELATED_DRUG,DB00393
P08183,HAS_RELATED_DRUG,DB00401
P08684,HAS_RELATED_DRUG,DB00401
P20815,HAS_RELATED_DRUG,DB00401
P24462,HAS_RELATED_DRUG,DB00401
P54289,HAS_RELATED_DRUG,DB00401
Q01668,HAS_RELATED_DRUG,DB00401
Q08289,HAS_RELATED_DRUG,DB00401
Q13698,HAS_RELATED_DRUG,DB00401
Q13936,HAS_RELATED_DRUG,DB00401
P01008,HAS_RELATED_DRUG,DB00407
P05546,HAS_RELATED_DRUG,DB00407
O60488,HAS_RELATED_DRUG,DB00412
O95342,HAS_RELATED_DRUG,DB00412
P02768,HAS_RELATED_DRUG,DB00412
P05177,HAS_RELATED_DRUG,DB00412
P08684,HAS_RELATED_DRUG,DB00412
P10632,HAS_RELATED_DRUG,DB00412
P10635,HAS_RELATED_DRUG,DB00412
P11509,HAS_RELATED_DRUG,DB00412
P11712,HAS_RELATED_DRUG,DB00412
P19793,HAS_RELATED_DRUG,DB00412
P23219,HAS_RELATED_DRUG,DB00412
P28702,HAS_RELATED_DRUG,DB00412
P37231,HAS_RELATED_DRUG,DB00412
P48443,HAS_RELATED_DRUG,DB00412
Q03181,HAS_RELATED_DRUG,DB00412
Q07869,HAS_RELATED_DRUG,DB00412
Q9Y6L6,HAS_RELATED_DRUG,DB00412
O00305,HAS_RELATED_DRUG,DB00421
O00555,HAS_RELATED_DRUG,DB00421
O43497,HAS_RELATED_DRUG,DB00421
O60359,HAS_RELATED_DRUG,DB00421
O60840,HAS_RELATED_DRUG,DB00421
O75469,HAS_RELATED_DRUG,DB00421
O95180,HAS_RELATED_DRUG,DB00421
O95342,HAS_RELATED_DRUG,DB00421
P02763,HAS_RELATED_DRUG,DB00421
P02768,HAS_RELATED_DRUG,DB00421
P04150,HAS_RELATED_DRUG,DB00421
P04278,HAS_RELATED_DRUG,DB00421
P05093,HAS_RELATED_DRUG,DB00421
P06401,HAS_RELATED_DRUG,DB00421
P08183,HAS_RELATED_DRUG,DB00421
P08235,HAS_RELATED_DRUG,DB00421
P10275,HAS_RELATED_DRUG,DB00421
P10632,HAS_RELATED_DRUG,DB00421
P15538,HAS_RELATED_DRUG,DB00421
P18405,HAS_RELATED_DRUG,DB00421
P19099,HAS_RELATED_DRUG,DB00421
P19652,HAS_RELATED_DRUG,DB00421
P31213,HAS_RELATED_DRUG,DB00421
P46721,HAS_RELATED_DRUG,DB00421
P54284,HAS_RELATED_DRUG,DB00421
P54289,HAS_RELATED_DRUG,DB00421
P62955,HAS_RELATED_DRUG,DB00421
Q00975,HAS_RELATED_DRUG,DB00421
Q01668,HAS_RELATED_DRUG,DB00421
Q02641,HAS_RELATED_DRUG,DB00421
Q06432,HAS_RELATED_DRUG,DB00421
Q08289,HAS_RELATED_DRUG,DB00421
Q13698,HAS_RELATED_DRUG,DB00421
Q13936,HAS_RELATED_DRUG,DB00421
Q15878,HAS_RELATED_DRUG,DB00421
Q7Z3S7,HAS_RELATED_DRUG,DB00421
Q8IZS8,HAS_RELATED_DRUG,DB00421
Q8WXS5,HAS_RELATED_DRUG,DB00421
Q92887,HAS_RELATED_DRUG,DB00421
Q9BXT2,HAS_RELATED_DRUG,DB00421
Q9H8P0,HAS_RELATED_DRUG,DB00421
Q9NY47,HAS_RELATED_DRUG,DB00421
Q9P0X4,HAS_RELATED_DRUG,DB00421
Q9UBN1,HAS_RELATED_DRUG,DB00421
Q9UF02,HAS_RELATED_DRUG,DB00421
Q9Y698,HAS_RELATED_DRUG,DB00421
P04731,HAS_RELATED_DRUG,DB00435
P05091,HAS_RELATED_DRUG,DB00435
P05177,HAS_RELATED_DRUG,DB00435
P08684,HAS_RELATED_DRUG,DB00435
P14902,HAS_RELATED_DRUG,DB00435
P20813,HAS_RELATED_DRUG,DB00435
P33402,HAS_RELATED_DRUG,DB00435
P00915,HAS_RELATED_DRUG,DB00436
P00918,HAS_RELATED_DRUG,DB00436
P22748,HAS_RELATED_DRUG,DB00436
P51580,HAS_RELATED_DRUG,DB00436
P55017,HAS_RELATED_DRUG,DB00436
Q12791,HAS_RELATED_DRUG,DB00436
O15245,HAS_RELATED_DRUG,DB00457
O75751,HAS_RELATED_DRUG,DB00457
P02763,HAS_RELATED_DRUG,DB00457
P08183,HAS_RELATED_DRUG,DB00457
P08913,HAS_RELATED_DRUG,DB00457
P18089,HAS_RELATED_DRUG,DB00457
P25100,HAS_RELATED_DRUG,DB00457
P35348,HAS_RELATED_DRUG,DB00457
P35368,HAS_RELATED_DRUG,DB00457
Q12809,HAS_RELATED_DRUG,DB00457
Q9UNQ0,HAS_RELATED_DRUG,DB00457
P02763,HAS_RELATED_DRUG,DB00472
P02768,HAS_RELATED_DRUG,DB00472
P05177,HAS_RELATED_DRUG,DB00472
P08183,HAS_RELATED_DRUG,DB00472
P08684,HAS_RELATED_DRUG,DB00472
P10635,HAS_RELATED_DRUG,DB00472
P11712,HAS_RELATED_DRUG,DB00472
P20813,HAS_RELATED_DRUG,DB00472
P20815,HAS_RELATED_DRUG,DB00472
P28335,HAS_RELATED_DRUG,DB00472
P30926,HAS_RELATED_DRUG,DB00472
P31645,HAS_RELATED_DRUG,DB00472
P32297,HAS_RELATED_DRUG,DB00472
P33261,HAS_RELATED_DRUG,DB00472
P61024,HAS_RELATED_DRUG,DB00472
Q12809,HAS_RELATED_DRUG,DB00472
Q15822,HAS_RELATED_DRUG,DB00472
Q14097,HAS_RELATED_DRUG,DB00472
O15439,HAS_RELATED_DRUG,DB00482
O15530,HAS_RELATED_DRUG,DB00482
O95342,HAS_RELATED_DRUG,DB00482
P00918,HAS_RELATED_DRUG,DB00482
P07451,HAS_RELATED_DRUG,DB00482
P08183,HAS_RELATED_DRUG,DB00482
P08684,HAS_RELATED_DRUG,DB00482
P10632,HAS_RELATED_DRUG,DB00482
P10635,HAS_RELATED_DRUG,DB00482
P11712,HAS_RELATED_DRUG,DB00482
P35354,HAS_RELATED_DRUG,DB00482
Q9UNQ0,HAS_RELATED_DRUG,DB00482
H3BUU9,HAS_RELATED_DRUG,DB00482
P12821,HAS_RELATED_DRUG,DB00492
P46059,HAS_RELATED_DRUG,DB00492
Q16348,HAS_RELATED_DRUG,DB00492
Q9BQB6,HAS_RELATED_DRUG,DB00498
P05023,HAS_RELATED_DRUG,DB00511
P12821,HAS_RELATED_DRUG,DB00519
P23141,HAS_RELATED_DRUG,DB00519
P46059,HAS_RELATED_DRUG,DB00519
Q16348,HAS_RELATED_DRUG,DB00519
P12821,HAS_RELATED_DRUG,DB00542
P42898,HAS_RELATED_DRUG,DB00542
P46059,HAS_RELATED_DRUG,DB00542
Q16348,HAS_RELATED_DRUG,DB00542
O00591,HAS_RELATED_DRUG,DB00555
O14764,HAS_RELATED_DRUG,DB00555
O15244,HAS_RELATED_DRUG,DB00555
O15245,HAS_RELATED_DRUG,DB00555
O60656,HAS_RELATED_DRUG,DB00555
P00374,HAS_RELATED_DRUG,DB00555
P02708,HAS_RELATED_DRUG,DB00555
P02768,HAS_RELATED_DRUG,DB00555
P06133,HAS_RELATED_DRUG,DB00555
P08183,HAS_RELATED_DRUG,DB00555
P08588,HAS_RELATED_DRUG,DB00555
P08913,HAS_RELATED_DRUG,DB00555
P14416,HAS_RELATED_DRUG,DB00555
P14867,HAS_RELATED_DRUG,DB00555
P16662,HAS_RELATED_DRUG,DB00555
P18505,HAS_RELATED_DRUG,DB00555
P18507,HAS_RELATED_DRUG,DB00555
P19224,HAS_RELATED_DRUG,DB00555
P21728,HAS_RELATED_DRUG,DB00555
P21918,HAS_RELATED_DRUG,DB00555
P22309,HAS_RELATED_DRUG,DB00555
P22310,HAS_RELATED_DRUG,DB00555
P28223,HAS_RELATED_DRUG,DB00555
P28472,HAS_RELATED_DRUG,DB00555
P29274,HAS_RELATED_DRUG,DB00555
P30542,HAS_RELATED_DRUG,DB00555
P31644,HAS_RELATED_DRUG,DB00555
P34903,HAS_RELATED_DRUG,DB00555
P35348,HAS_RELATED_DRUG,DB00555
P35367,HAS_RELATED_DRUG,DB00555
P35498,HAS_RELATED_DRUG,DB00555
P35499,HAS_RELATED_DRUG,DB00555
P35503,HAS_RELATED_DRUG,DB00555
P41145,HAS_RELATED_DRUG,DB00555
P42261,HAS_RELATED_DRUG,DB00555
P46098,HAS_RELATED_DRUG,DB00555
P47869,HAS_RELATED_DRUG,DB00555
P47870,HAS_RELATED_DRUG,DB00555
P48169,HAS_RELATED_DRUG,DB00555
P54855,HAS_RELATED_DRUG,DB00555
P78334,HAS_RELATED_DRUG,DB00555
Q01118,HAS_RELATED_DRUG,DB00555
Q14524,HAS_RELATED_DRUG,DB00555
Q15858,HAS_RELATED_DRUG,DB00555
Q15878,HAS_RELATED_DRUG,DB00555
Q16445,HAS_RELATED_DRUG,DB00555
Q8N1C3,HAS_RELATED_DRUG,DB00555
Q99250,HAS_RELATED_DRUG,DB00555
Q99928,HAS_RELATED_DRUG,DB00555
Q9HAW7,HAS_RELATED_DRUG,DB00555
Q9HAW8,HAS_RELATED_DRUG,DB00555
Q9HAW9,HAS_RELATED_DRUG,DB00555
Q9NY46,HAS_RELATED_DRUG,DB00555
Q9UI33,HAS_RELATED_DRUG,DB00555
Q9UN88,HAS_RELATED_DRUG,DB00555
Q9UQD0,HAS_RELATED_DRUG,DB00555
Q9Y5Y9,HAS_RELATED_DRUG,DB00555
O43570,HAS_RELATED_DRUG,DB00562
P00915,HAS_RELATED_DRUG,DB00562
P00918,HAS_RELATED_DRUG,DB00562
P07451,HAS_RELATED_DRUG,DB00562
P22748,HAS_RELATED_DRUG,DB00562
P23280,HAS_RELATED_DRUG,DB00562
P35218,HAS_RELATED_DRUG,DB00562
P43166,HAS_RELATED_DRUG,DB00562
P55017,HAS_RELATED_DRUG,DB00562
Q16790,HAS_RELATED_DRUG,DB00562
Q8N1Q1,HAS_RELATED_DRUG,DB00562
Q9ULX7,HAS_RELATED_DRUG,DB00562
Q9Y2D0,HAS_RELATED_DRUG,DB00562
P00742,HAS_RELATED_DRUG,DB00569
P01008,HAS_RELATED_DRUG,DB00569
O15244,HAS_RELATED_DRUG,DB00571
P02763,HAS_RELATED_DRUG,DB00571
P02768,HAS_RELATED_DRUG,DB00571
P04798,HAS_RELATED_DRUG,DB00571
P05177,HAS_RELATED_DRUG,DB00571
P07550,HAS_RELATED_DRUG,DB00571
P08183,HAS_RELATED_DRUG,DB00571
P08588,HAS_RELATED_DRUG,DB00571
P08684,HAS_RELATED_DRUG,DB00571
P08908,HAS_RELATED_DRUG,DB00571
P10635,HAS_RELATED_DRUG,DB00571
P13945,HAS_RELATED_DRUG,DB00571
P20815,HAS_RELATED_DRUG,DB00571
P21397,HAS_RELATED_DRUG,DB00571
P24462,HAS_RELATED_DRUG,DB00571
P28222,HAS_RELATED_DRUG,DB00571
P33261,HAS_RELATED_DRUG,DB00571
P02768,HAS_RELATED_DRUG,DB00584
P08183,HAS_RELATED_DRUG,DB00584
P12821,HAS_RELATED_DRUG,DB00584
P46059,HAS_RELATED_DRUG,DB00584
P46721,HAS_RELATED_DRUG,DB00584
Q4U2R8,HAS_RELATED_DRUG,DB00584
Q8TCC7,HAS_RELATED_DRUG,DB00584
Q9Y694,HAS_RELATED_DRUG,DB00584
O15244,HAS_RELATED_DRUG,DB00594
P00749,HAS_RELATED_DRUG,DB00594
P19634,HAS_RELATED_DRUG,DB00594
P19801,HAS_RELATED_DRUG,DB00594
P37088,HAS_RELATED_DRUG,DB00594
P51168,HAS_RELATED_DRUG,DB00594
P51170,HAS_RELATED_DRUG,DB00594
P51172,HAS_RELATED_DRUG,DB00594
P78348,HAS_RELATED_DRUG,DB00594
Q16515,HAS_RELATED_DRUG,DB00594
Q9H015,HAS_RELATED_DRUG,DB00594
Q9TRC7,HAS_RELATED_DRUG,DB00594
O60656,HAS_RELATED_DRUG,DB00598
P02763,HAS_RELATED_DRUG,DB00598
P02768,HAS_RELATED_DRUG,DB00598
P07550,HAS_RELATED_DRUG,DB00598
P08588,HAS_RELATED_DRUG,DB00598
P10635,HAS_RELATED_DRUG,DB00598
P16662,HAS_RELATED_DRUG,DB00598
P19652,HAS_RELATED_DRUG,DB00598
P22309,HAS_RELATED_DRUG,DB00598
P25100,HAS_RELATED_DRUG,DB00598
P33261,HAS_RELATED_DRUG,DB00598
P35348,HAS_RELATED_DRUG,DB00598
P35368,HAS_RELATED_DRUG,DB00598
Q2M3G0,HAS_RELATED_DRUG,DB00598
P00915,HAS_RELATED_DRUG,DB00606
P00918,HAS_RELATED_DRUG,DB00606
P07451,HAS_RELATED_DRUG,DB00606
P22748,HAS_RELATED_DRUG,DB00606
P23280,HAS_RELATED_DRUG,DB00606
P35218,HAS_RELATED_DRUG,DB00606
P43166,HAS_RELATED_DRUG,DB00606
P54710,HAS_RELATED_DRUG,DB00606
Q16790,HAS_RELATED_DRUG,DB00606
Q4U2R8,HAS_RELATED_DRUG,DB00606
Q6FHJ7,HAS_RELATED_DRUG,DB00606
Q8N1Q1,HAS_RELATED_DRUG,DB00606
Q9ULX7,HAS_RELATED_DRUG,DB00606
Q9Y2D0,HAS_RELATED_DRUG,DB00606
O95342,HAS_RELATED_DRUG,DB00622
P05181,HAS_RELATED_DRUG,DB00622
P08172,HAS_RELATED_DRUG,DB00622
P08173,HAS_RELATED_DRUG,DB00622
P08183,HAS_RELATED_DRUG,DB00622
P08684,HAS_RELATED_DRUG,DB00622
P08912,HAS_RELATED_DRUG,DB00622
P0DP23,HAS_RELATED_DRUG,DB00622
P10632,HAS_RELATED_DRUG,DB00622
P10635,HAS_RELATED_DRUG,DB00622
P11229,HAS_RELATED_DRUG,DB00622
P11712,HAS_RELATED_DRUG,DB00622
P20309,HAS_RELATED_DRUG,DB00622
P20813,HAS_RELATED_DRUG,DB00622
P20815,HAS_RELATED_DRUG,DB00622
P25100,HAS_RELATED_DRUG,DB00622
P33261,HAS_RELATED_DRUG,DB00622
P35348,HAS_RELATED_DRUG,DB00622
P35368,HAS_RELATED_DRUG,DB00622
P54289,HAS_RELATED_DRUG,DB00622
P54750,HAS_RELATED_DRUG,DB00622
Q01064,HAS_RELATED_DRUG,DB00622
Q01668,HAS_RELATED_DRUG,DB00622
Q08289,HAS_RELATED_DRUG,DB00622
Q13936,HAS_RELATED_DRUG,DB00622
Q9Y6L6,HAS_RELATED_DRUG,DB00622
O15427,HAS_RELATED_DRUG,DB00627
O76082,HAS_RELATED_DRUG,DB00627
O94956,HAS_RELATED_DRUG,DB00627
P05181,HAS_RELATED_DRUG,DB00627
P05543,HAS_RELATED_DRUG,DB00627
P08684,HAS_RELATED_DRUG,DB00627
P10635,HAS_RELATED_DRUG,DB00627
P40261,HAS_RELATED_DRUG,DB00627
P49019,HAS_RELATED_DRUG,DB00627
P53985,HAS_RELATED_DRUG,DB00627
Q15274,HAS_RELATED_DRUG,DB00627
Q8N695,HAS_RELATED_DRUG,DB00627
Q8TDS4,HAS_RELATED_DRUG,DB00627
P00813,HAS_RELATED_DRUG,DB00640
P0DMS8,HAS_RELATED_DRUG,DB00640
P29274,HAS_RELATED_DRUG,DB00640
P29275,HAS_RELATED_DRUG,DB00640
P30542,HAS_RELATED_DRUG,DB00640
P55263,HAS_RELATED_DRUG,DB00640
Q9HAS3,HAS_RELATED_DRUG,DB00640
P27815,HAS_RELATED_DRUG,DB00651
P29274,HAS_RELATED_DRUG,DB00651
P30542,HAS_RELATED_DRUG,DB00651
Q07343,HAS_RELATED_DRUG,DB00651
Q08493,HAS_RELATED_DRUG,DB00651
Q08499,HAS_RELATED_DRUG,DB00651
O00305,HAS_RELATED_DRUG,DB00653
O00555,HAS_RELATED_DRUG,DB00653
O60840,HAS_RELATED_DRUG,DB00653
P54284,HAS_RELATED_DRUG,DB00653
Q01668,HAS_RELATED_DRUG,DB00653
Q02641,HAS_RELATED_DRUG,DB00653
Q08289,HAS_RELATED_DRUG,DB00653
Q13698,HAS_RELATED_DRUG,DB00653
Q13936,HAS_RELATED_DRUG,DB00653
O00555,HAS_RELATED_DRUG,DB00661
O15245,HAS_RELATED_DRUG,DB00661
O15438,HAS_RELATED_DRUG,DB00661
O15439,HAS_RELATED_DRUG,DB00661
O43497,HAS_RELATED_DRUG,DB00661
O76082,HAS_RELATED_DRUG,DB00661
O95180,HAS_RELATED_DRUG,DB00661
P02763,HAS_RELATED_DRUG,DB00661
P02768,HAS_RELATED_DRUG,DB00661
P05177,HAS_RELATED_DRUG,DB00661
P05181,HAS_RELATED_DRUG,DB00661
P08183,HAS_RELATED_DRUG,DB00661
P08684,HAS_RELATED_DRUG,DB00661
P10632,HAS_RELATED_DRUG,DB00661
P10635,HAS_RELATED_DRUG,DB00661
P11712,HAS_RELATED_DRUG,DB00661
P20813,HAS_RELATED_DRUG,DB00661
P20815,HAS_RELATED_DRUG,DB00661
P25100,HAS_RELATED_DRUG,DB00661
P31645,HAS_RELATED_DRUG,DB00661
P33260,HAS_RELATED_DRUG,DB00661
P33261,HAS_RELATED_DRUG,DB00661
P33527,HAS_RELATED_DRUG,DB00661
P35348,HAS_RELATED_DRUG,DB00661
P35368,HAS_RELATED_DRUG,DB00661
P46721,HAS_RELATED_DRUG,DB00661
Q00975,HAS_RELATED_DRUG,DB00661
Q12809,HAS_RELATED_DRUG,DB00661
Q13936,HAS_RELATED_DRUG,DB00661
Q14654,HAS_RELATED_DRUG,DB00661
Q5T3U5,HAS_RELATED_DRUG,DB00661
Q86VL8,HAS_RELATED_DRUG,DB00661
Q96FL8,HAS_RELATED_DRUG,DB00661
Q9H015,HAS_RELATED_DRUG,DB00661
Q9Y6L6,HAS_RELATED_DRUG,DB00661
O75795,HAS_RELATED_DRUG,DB00678
O95342,HAS_RELATED_DRUG,DB00678
P02768,HAS_RELATED_DRUG,DB00678
P08183,HAS_RELATED_DRUG,DB00678
P08684,HAS_RELATED_DRUG,DB00678
P10632,HAS_RELATED_DRUG,DB00678
P11712,HAS_RELATED_DRUG,DB00678
P16662,HAS_RELATED_DRUG,DB00678
P22309,HAS_RELATED_DRUG,DB00678
P30556,HAS_RELATED_DRUG,DB00678
P33261,HAS_RELATED_DRUG,DB00678
P35503,HAS_RELATED_DRUG,DB00678
Q4U2R8,HAS_RELATED_DRUG,DB00678
Q96S37,HAS_RELATED_DRUG,DB00678
Q9HAW8,HAS_RELATED_DRUG,DB00678
Q9NRM0,HAS_RELATED_DRUG,DB00678
O75469,HAS_RELATED_DRUG,DB00682
P02763,HAS_RELATED_DRUG,DB00682
P02768,HAS_RELATED_DRUG,DB00682
P05177,HAS_RELATED_DRUG,DB00682
P08684,HAS_RELATED_DRUG,DB00682
P10632,HAS_RELATED_DRUG,DB00682
P11712,HAS_RELATED_DRUG,DB00682
P33260,HAS_RELATED_DRUG,DB00682
P33261,HAS_RELATED_DRUG,DB00682
Q9BQB6,HAS_RELATED_DRUG,DB00682
P05230,HAS_RELATED_DRUG,DB00686
P08620,HAS_RELATED_DRUG,DB00686
P09038,HAS_RELATED_DRUG,DB00686
P12821,HAS_RELATED_DRUG,DB00691
P46059,HAS_RELATED_DRUG,DB00691
Q16348,HAS_RELATED_DRUG,DB00691
O76082,HAS_RELATED_DRUG,DB00695
P00918,HAS_RELATED_DRUG,DB00695
P02768,HAS_RELATED_DRUG,DB00695
P05543,HAS_RELATED_DRUG,DB00695
P22309,HAS_RELATED_DRUG,DB00695
P52209,HAS_RELATED_DRUG,DB00695
Q13621,HAS_RELATED_DRUG,DB00695
Q4U2R8,HAS_RELATED_DRUG,DB00695
Q8TCC7,HAS_RELATED_DRUG,DB00695
Q92887,HAS_RELATED_DRUG,DB00695
Q92959,HAS_RELATED_DRUG,DB00695
Q9HC97,HAS_RELATED_DRUG,DB00695
Q9NSA0,HAS_RELATED_DRUG,DB00695
P00915,HAS_RELATED_DRUG,DB00703
P00918,HAS_RELATED_DRUG,DB00703
P07451,HAS_RELATED_DRUG,DB00703
P22748,HAS_RELATED_DRUG,DB00703
P43166,HAS_RELATED_DRUG,DB00703
Q4U2R8,HAS_RELATED_DRUG,DB00703
P00797,HAS_RELATED_DRUG,DB00722
P12821,HAS_RELATED_DRUG,DB00722
P46059,HAS_RELATED_DRUG,DB00722
Q16348,HAS_RELATED_DRUG,DB00722
P05091,HAS_RELATED_DRUG,DB00727
P16066,HAS_RELATED_DRUG,DB00727
O15439,HAS_RELATED_DRUG,DB00770
O15440,HAS_RELATED_DRUG,DB00770
O94956,HAS_RELATED_DRUG,DB00770
P34995,HAS_RELATED_DRUG,DB00770
P43116,HAS_RELATED_DRUG,DB00770
Q4U2R8,HAS_RELATED_DRUG,DB00770
Q92959,HAS_RELATED_DRUG,DB00770
Q9UIG8,HAS_RELATED_DRUG,DB00770
Q9Y5Y4,HAS_RELATED_DRUG,DB00770
O43570,HAS_RELATED_DRUG,DB00774
P00915,HAS_RELATED_DRUG,DB00774
P00918,HAS_RELATED_DRUG,DB00774
P02768,HAS_RELATED_DRUG,DB00774
P05023,HAS_RELATED_DRUG,DB00774
P22748,HAS_RELATED_DRUG,DB00774
P43166,HAS_RELATED_DRUG,DB00774
Q12791,HAS_RELATED_DRUG,DB00774
Q13621,HAS_RELATED_DRUG,DB00774
Q16790,HAS_RELATED_DRUG,DB00774
Q4U2R8,HAS_RELATED_DRUG,DB00774
Q8TCC7,HAS_RELATED_DRUG,DB00774
P06276,HAS_RELATED_DRUG,DB00790
P12821,HAS_RELATED_DRUG,DB00790
P46059,HAS_RELATED_DRUG,DB00790
Q16348,HAS_RELATED_DRUG,DB00790
Q6FHJ7,HAS_RELATED_DRUG,DB00790
P08183,HAS_RELATED_DRUG,DB00796
P10632,HAS_RELATED_DRUG,DB00796
P11712,HAS_RELATED_DRUG,DB00796
P23219,HAS_RELATED_DRUG,DB00796
P30556,HAS_RELATED_DRUG,DB00796
P35503,HAS_RELATED_DRUG,DB00796
P05177,HAS_RELATED_DRUG,DB00806
P21589,HAS_RELATED_DRUG,DB00806
P29274,HAS_RELATED_DRUG,DB00806
P30542,HAS_RELATED_DRUG,DB00806
P02763,HAS_RELATED_DRUG,DB00808
P02768,HAS_RELATED_DRUG,DB00808
P07099,HAS_RELATED_DRUG,DB00808
P08684,HAS_RELATED_DRUG,DB00808
P19652,HAS_RELATED_DRUG,DB00808
P55017,HAS_RELATED_DRUG,DB00808
O43570,HAS_RELATED_DRUG,DB00819
P00915,HAS_RELATED_DRUG,DB00819
P00918,HAS_RELATED_DRUG,DB00819
P07451,HAS_RELATED_DRUG,DB00819
P08684,HAS_RELATED_DRUG,DB00819
P22748,HAS_RELATED_DRUG,DB00819
P29972,HAS_RELATED_DRUG,DB00819
P43166,HAS_RELATED_DRUG,DB00819
Q4U2R8,HAS_RELATED_DRUG,DB00819
Q9ULX7,HAS_RELATED_DRUG,DB00819
O00305,HAS_RELATED_DRUG,DB00825
O00555,HAS_RELATED_DRUG,DB00825
O60840,HAS_RELATED_DRUG,DB00825
O75762,HAS_RELATED_DRUG,DB00825
P08684,HAS_RELATED_DRUG,DB00825
P41145,HAS_RELATED_DRUG,DB00825
P54284,HAS_RELATED_DRUG,DB00825
Q01668,HAS_RELATED_DRUG,DB00825
Q02641,HAS_RELATED_DRUG,DB00825
Q08289,HAS_RELATED_DRUG,DB00825
Q13698,HAS_RELATED_DRUG,DB00825
Q13936,HAS_RELATED_DRUG,DB00825
Q7Z2W7,HAS_RELATED_DRUG,DB00825
Q8NET8,HAS_RELATED_DRUG,DB00825
P00176,HAS_RELATED_DRUG,DB00869
P00915,HAS_RELATED_DRUG,DB00869
P00918,HAS_RELATED_DRUG,DB00869
P05181,HAS_RELATED_DRUG,DB00869
P05183,HAS_RELATED_DRUG,DB00869
P07451,HAS_RELATED_DRUG,DB00869
P11712,HAS_RELATED_DRUG,DB00869
P22748,HAS_RELATED_DRUG,DB00869
P00915,HAS_RELATED_DRUG,DB00880
P00918,HAS_RELATED_DRUG,DB00880
P55017,HAS_RELATED_DRUG,DB00880
Q4U2R8,HAS_RELATED_DRUG,DB00880
P02768,HAS_RELATED_DRUG,DB00881
P12821,HAS_RELATED_DRUG,DB00881
P23141,HAS_RELATED_DRUG,DB00881
P46059,HAS_RELATED_DRUG,DB00881
Q16348,HAS_RELATED_DRUG,DB00881
Q8TCC7,HAS_RELATED_DRUG,DB00881
P08473,HAS_RELATED_DRUG,DB00886
P12821,HAS_RELATED_DRUG,DB00886
P13569,HAS_RELATED_DRUG,DB00887
P35354,HAS_RELATED_DRUG,DB00887
P46721,HAS_RELATED_DRUG,DB00887
P55011,HAS_RELATED_DRUG,DB00887
Q13621,HAS_RELATED_DRUG,DB00887
Q14973,HAS_RELATED_DRUG,DB00887
Q4U2R8,HAS_RELATED_DRUG,DB00887
Q8TCC7,HAS_RELATED_DRUG,DB00887
Q9H2X9,HAS_RELATED_DRUG,DB00887
Q9NSA0,HAS_RELATED_DRUG,DB00887
Q9UP95,HAS_RELATED_DRUG,DB00887
Q9Y694,HAS_RELATED_DRUG,DB00887
P02768,HAS_RELATED_DRUG,DB00903
P05023,HAS_RELATED_DRUG,DB00903
P09210,HAS_RELATED_DRUG,DB00903
P09211,HAS_RELATED_DRUG,DB00903
Q13621,HAS_RELATED_DRUG,DB00903
Q4U2R8,HAS_RELATED_DRUG,DB00903
Q9UJU2,HAS_RELATED_DRUG,DB00903
O43497,HAS_RELATED_DRUG,DB00909
O43570,HAS_RELATED_DRUG,DB00909
O60939,HAS_RELATED_DRUG,DB00909
O75493,HAS_RELATED_DRUG,DB00909
O95180,HAS_RELATED_DRUG,DB00909
P00915,HAS_RELATED_DRUG,DB00909
P00918,HAS_RELATED_DRUG,DB00909
P07451,HAS_RELATED_DRUG,DB00909
P08183,HAS_RELATED_DRUG,DB00909
P08684,HAS_RELATED_DRUG,DB00909
P20815,HAS_RELATED_DRUG,DB00909
P21397,HAS_RELATED_DRUG,DB00909
P22309,HAS_RELATED_DRUG,DB00909
P22748,HAS_RELATED_DRUG,DB00909
P23280,HAS_RELATED_DRUG,DB00909
P27338,HAS_RELATED_DRUG,DB00909
P33261,HAS_RELATED_DRUG,DB00909
P35218,HAS_RELATED_DRUG,DB00909
P35219,HAS_RELATED_DRUG,DB00909
P35498,HAS_RELATED_DRUG,DB00909
P35499,HAS_RELATED_DRUG,DB00909
P43166,HAS_RELATED_DRUG,DB00909
Q06278,HAS_RELATED_DRUG,DB00909
Q07699,HAS_RELATED_DRUG,DB00909
Q14524,HAS_RELATED_DRUG,DB00909
Q15858,HAS_RELATED_DRUG,DB00909
Q16790,HAS_RELATED_DRUG,DB00909
Q8IWT1,HAS_RELATED_DRUG,DB00909
Q8N1Q1,HAS_RELATED_DRUG,DB00909
Q99250,HAS_RELATED_DRUG,DB00909
Q9NS85,HAS_RELATED_DRUG,DB00909
Q9NY46,HAS_RELATED_DRUG,DB00909
Q9NY72,HAS_RELATED_DRUG,DB00909
Q9P0X4,HAS_RELATED_DRUG,DB00909
Q9UI33,HAS_RELATED_DRUG,DB00909
Q9ULX7,HAS_RELATED_DRUG,DB00909
Q9Y2D0,HAS_RELATED_DRUG,DB00909
P63316,HAS_RELATED_DRUG,DB00922
Q14432,HAS_RELATED_DRUG,DB00922
Q14654,HAS_RELATED_DRUG,DB00922
Q15842,HAS_RELATED_DRUG,DB00922
O15244,HAS_RELATED_DRUG,DB00925
O15245,HAS_RELATED_DRUG,DB00925
O75751,HAS_RELATED_DRUG,DB00925
P07550,HAS_RELATED_DRUG,DB00925
P08913,HAS_RELATED_DRUG,DB00925
P0DP23,HAS_RELATED_DRUG,DB00925
P18089,HAS_RELATED_DRUG,DB00925
P18825,HAS_RELATED_DRUG,DB00925
P25100,HAS_RELATED_DRUG,DB00925
P35348,HAS_RELATED_DRUG,DB00925
P35368,HAS_RELATED_DRUG,DB00925
O14920,HAS_RELATED_DRUG,DB00945
O43741,HAS_RELATED_DRUG,DB00945
P01106,HAS_RELATED_DRUG,DB00945
P04637,HAS_RELATED_DRUG,DB00945
P08183,HAS_RELATED_DRUG,DB00945
P11021,HAS_RELATED_DRUG,DB00945
P11245,HAS_RELATED_DRUG,DB00945
P11712,HAS_RELATED_DRUG,DB00945
P12004,HAS_RELATED_DRUG,DB00945
P19224,HAS_RELATED_DRUG,DB00945
P23219,HAS_RELATED_DRUG,DB00945
P24385,HAS_RELATED_DRUG,DB00945
P25101,HAS_RELATED_DRUG,DB00945
P25963,HAS_RELATED_DRUG,DB00945
P27361,HAS_RELATED_DRUG,DB00945
P28482,HAS_RELATED_DRUG,DB00945
P29466,HAS_RELATED_DRUG,DB00945
P31152,HAS_RELATED_DRUG,DB00945
P33261,HAS_RELATED_DRUG,DB00945
P35354,HAS_RELATED_DRUG,DB00945
P42574,HAS_RELATED_DRUG,DB00945
P51812,HAS_RELATED_DRUG,DB00945
P54619,HAS_RELATED_DRUG,DB00945
P54646,HAS_RELATED_DRUG,DB00945
P98066,HAS_RELATED_DRUG,DB00945
Q04828,HAS_RELATED_DRUG,DB00945
Q13131,HAS_RELATED_DRUG,DB00945
Q13164,HAS_RELATED_DRUG,DB00945
Q16659,HAS_RELATED_DRUG,DB00945
Q4U2R8,HAS_RELATED_DRUG,DB00945
Q8TCC7,HAS_RELATED_DRUG,DB00945
Q8TD08,HAS_RELATED_DRUG,DB00945
Q9UGI9,HAS_RELATED_DRUG,DB00945
Q9UGJ0,HAS_RELATED_DRUG,DB00945
Q9Y478,HAS_RELATED_DRUG,DB00945
P02763,HAS_RELATED_DRUG,DB00946
P02768,HAS_RELATED_DRUG,DB00946
P08684,HAS_RELATED_DRUG,DB00946
P10632,HAS_RELATED_DRUG,DB00946
P11712,HAS_RELATED_DRUG,DB00946
Q9BQB6,HAS_RELATED_DRUG,DB00946
O15438,HAS_RELATED_DRUG,DB00973
O95342,HAS_RELATED_DRUG,DB00973
P08183,HAS_RELATED_DRUG,DB00973
P08684,HAS_RELATED_DRUG,DB00973
P10632,HAS_RELATED_DRUG,DB00973
P15144,HAS_RELATED_DRUG,DB00973
P16662,HAS_RELATED_DRUG,DB00973
P22309,HAS_RELATED_DRUG,DB00973
P35503,HAS_RELATED_DRUG,DB00973
P35610,HAS_RELATED_DRUG,DB00973
P54855,HAS_RELATED_DRUG,DB00973
Q92887,HAS_RELATED_DRUG,DB00973
Q9UHC9,HAS_RELATED_DRUG,DB00973
Q9UNQ0,HAS_RELATED_DRUG,DB00973
Q9Y6L6,HAS_RELATED_DRUG,DB00973
P00813,HAS_RELATED_DRUG,DB00974
P11511,HAS_RELATED_DRUG,DB00974
Q15166,HAS_RELATED_DRUG,DB00974
O15439,HAS_RELATED_DRUG,DB00975
O15440,HAS_RELATED_DRUG,DB00975
O76074,HAS_RELATED_DRUG,DB00975
O94956,HAS_RELATED_DRUG,DB00975
O95342,HAS_RELATED_DRUG,DB00975
P00813,HAS_RELATED_DRUG,DB00975
P02763,HAS_RELATED_DRUG,DB00975
P08183,HAS_RELATED_DRUG,DB00975
P27815,HAS_RELATED_DRUG,DB00975
P53805,HAS_RELATED_DRUG,DB00975
Q9NPD5,HAS_RELATED_DRUG,DB00975
Q9Y233,HAS_RELATED_DRUG,DB00975
Q9Y6L6,HAS_RELATED_DRUG,DB00975
O15439,HAS_RELATED_DRUG,DB00999
P02768,HAS_RELATED_DRUG,DB00999
P55017,HAS_RELATED_DRUG,DB00999
Q12791,HAS_RELATED_DRUG,DB00999
Q4U2R8,HAS_RELATED_DRUG,DB00999
Q8TCC7,HAS_RELATED_DRUG,DB00999
Q9NSA0,HAS_RELATED_DRUG,DB00999
P09488,HAS_RELATED_DRUG,DB01020
P11766,HAS_RELATED_DRUG,DB01020
P33402,HAS_RELATED_DRUG,DB01020
P47989,HAS_RELATED_DRUG,DB01020
P00915,HAS_RELATED_DRUG,DB01021
P00918,HAS_RELATED_DRUG,DB01021
P05023,HAS_RELATED_DRUG,DB01021
P22748,HAS_RELATED_DRUG,DB01021
P51580,HAS_RELATED_DRUG,DB01021
P55017,HAS_RELATED_DRUG,DB01021
O95180,HAS_RELATED_DRUG,DB01023
O95342,HAS_RELATED_DRUG,DB01023
P02585,HAS_RELATED_DRUG,DB01023
P08183,HAS_RELATED_DRUG,DB01023
P08235,HAS_RELATED_DRUG,DB01023
P08684,HAS_RELATED_DRUG,DB01023
P0DP23,HAS_RELATED_DRUG,DB01023
P10632,HAS_RELATED_DRUG,DB01023
P10635,HAS_RELATED_DRUG,DB01023
P11712,HAS_RELATED_DRUG,DB01023
P20815,HAS_RELATED_DRUG,DB01023
P24462,HAS_RELATED_DRUG,DB01023
P54289,HAS_RELATED_DRUG,DB01023
P54750,HAS_RELATED_DRUG,DB01023
P63316,HAS_RELATED_DRUG,DB01023
Q01064,HAS_RELATED_DRUG,DB01023
Q01668,HAS_RELATED_DRUG,DB01023
Q08289,HAS_RELATED_DRUG,DB01023
Q13698,HAS_RELATED_DRUG,DB01023
Q13936,HAS_RELATED_DRUG,DB01023
Q9NY47,HAS_RELATED_DRUG,DB01023
P02763,HAS_RELATED_DRUG,DB01029
P02768,HAS_RELATED_DRUG,DB01029
P05412,HAS_RELATED_DRUG,DB01029
P08684,HAS_RELATED_DRUG,DB01029
P10632,HAS_RELATED_DRUG,DB01029
P11712,HAS_RELATED_DRUG,DB01029
P19652,HAS_RELATED_DRUG,DB01029
P23219,HAS_RELATED_DRUG,DB01029
P30556,HAS_RELATED_DRUG,DB01029
P35503,HAS_RELATED_DRUG,DB01029
O95180,HAS_RELATED_DRUG,DB01054
O95342,HAS_RELATED_DRUG,DB01054
P08183,HAS_RELATED_DRUG,DB01054
P08684,HAS_RELATED_DRUG,DB01054
P20815,HAS_RELATED_DRUG,DB01054
P24462,HAS_RELATED_DRUG,DB01054
P54289,HAS_RELATED_DRUG,DB01054
Q01668,HAS_RELATED_DRUG,DB01054
Q08289,HAS_RELATED_DRUG,DB01054
Q13698,HAS_RELATED_DRUG,DB01054
Q13936,HAS_RELATED_DRUG,DB01054
Q9NY47,HAS_RELATED_DRUG,DB01054
P08684,HAS_RELATED_DRUG,DB01074
P10635,HAS_RELATED_DRUG,DB01074
P20813,HAS_RELATED_DRUG,DB01074
P23786,HAS_RELATED_DRUG,DB01074
P50416,HAS_RELATED_DRUG,DB01074
Q12809,HAS_RELATED_DRUG,DB01074
P05023,HAS_RELATED_DRUG,DB01078
O94956,HAS_RELATED_DRUG,DB01088
P00750,HAS_RELATED_DRUG,DB01088
P27815,HAS_RELATED_DRUG,DB01088
P34995,HAS_RELATED_DRUG,DB01088
P43119,HAS_RELATED_DRUG,DB01088
Q07343,HAS_RELATED_DRUG,DB01088
Q08493,HAS_RELATED_DRUG,DB01088
Q08499,HAS_RELATED_DRUG,DB01088
Q92959,HAS_RELATED_DRUG,DB01088
Q9UIG8,HAS_RELATED_DRUG,DB01088
Q9Y5Y4,HAS_RELATED_DRUG,DB01088
O95750,HAS_RELATED_DRUG,DB01109
P00742,HAS_RELATED_DRUG,DB01109
P01008,HAS_RELATED_DRUG,DB01109
P02776,HAS_RELATED_DRUG,DB01109
P05230,HAS_RELATED_DRUG,DB01109
P05543,HAS_RELATED_DRUG,DB01109
P08620,HAS_RELATED_DRUG,DB01109
P09038,HAS_RELATED_DRUG,DB01109
P11362,HAS_RELATED_DRUG,DB01109
P14210,HAS_RELATED_DRUG,DB01109
P16109,HAS_RELATED_DRUG,DB01109
P21802,HAS_RELATED_DRUG,DB01109
P22455,HAS_RELATED_DRUG,DB01109
Q9Y251,HAS_RELATED_DRUG,DB01109
O15438,HAS_RELATED_DRUG,DB01115
O43497,HAS_RELATED_DRUG,DB01115
O75469,HAS_RELATED_DRUG,DB01115
O95180,HAS_RELATED_DRUG,DB01115
O95342,HAS_RELATED_DRUG,DB01115
P02763,HAS_RELATED_DRUG,DB01115
P02768,HAS_RELATED_DRUG,DB01115
P04798,HAS_RELATED_DRUG,DB01115
P05177,HAS_RELATED_DRUG,DB01115
P05181,HAS_RELATED_DRUG,DB01115
P08183,HAS_RELATED_DRUG,DB01115
P08684,HAS_RELATED_DRUG,DB01115
P0DP23,HAS_RELATED_DRUG,DB01115
P10632,HAS_RELATED_DRUG,DB01115
P10635,HAS_RELATED_DRUG,DB01115
P11509,HAS_RELATED_DRUG,DB01115
P11712,HAS_RELATED_DRUG,DB01115
P19652,HAS_RELATED_DRUG,DB01115
P20813,HAS_RELATED_DRUG,DB01115
P20815,HAS_RELATED_DRUG,DB01115
Q01668,HAS_RELATED_DRUG,DB01115
Q08289,HAS_RELATED_DRUG,DB01115
Q13698,HAS_RELATED_DRUG,DB01115
Q13936,HAS_RELATED_DRUG,DB01115
Q92887,HAS_RELATED_DRUG,DB01115
Q9P0X4,HAS_RELATED_DRUG,DB01115
Q9UK17,HAS_RELATED_DRUG,DB01115
Q9Y6L6,HAS_RELATED_DRUG,DB01115
O00305,HAS_RELATED_DRUG,DB01118
O15244,HAS_RELATED_DRUG,DB01118
O60840,HAS_RELATED_DRUG,DB01118
O95342,HAS_RELATED_DRUG,DB01118
P02768,HAS_RELATED_DRUG,DB01118
P04798,HAS_RELATED_DRUG,DB01118
P05177,HAS_RELATED_DRUG,DB01118
P07550,HAS_RELATED_DRUG,DB01118
P08183,HAS_RELATED_DRUG,DB01118
P08588,HAS_RELATED_DRUG,DB01118
P08684,HAS_RELATED_DRUG,DB01118
P10632,HAS_RELATED_DRUG,DB01118
P10635,HAS_RELATED_DRUG,DB01118
P10827,HAS_RELATED_DRUG,DB01118
P10828,HAS_RELATED_DRUG,DB01118
P11509,HAS_RELATED_DRUG,DB01118
P11712,HAS_RELATED_DRUG,DB01118
P13945,HAS_RELATED_DRUG,DB01118
P33261,HAS_RELATED_DRUG,DB01118
P37231,HAS_RELATED_DRUG,DB01118
P51589,HAS_RELATED_DRUG,DB01118
P54284,HAS_RELATED_DRUG,DB01118
Q01668,HAS_RELATED_DRUG,DB01118
Q02641,HAS_RELATED_DRUG,DB01118
Q07869,HAS_RELATED_DRUG,DB01118
Q08289,HAS_RELATED_DRUG,DB01118
Q12809,HAS_RELATED_DRUG,DB01118
Q13698,HAS_RELATED_DRUG,DB01118
Q13936,HAS_RELATED_DRUG,DB01118
Q86YN6,HAS_RELATED_DRUG,DB01118
Q9H252,HAS_RELATED_DRUG,DB01118
Q9NS40,HAS_RELATED_DRUG,DB01118
Q9P0X4,HAS_RELATED_DRUG,DB01118
P00915,HAS_RELATED_DRUG,DB01119
P00918,HAS_RELATED_DRUG,DB01119
P05023,HAS_RELATED_DRUG,DB01119
P15104,HAS_RELATED_DRUG,DB01119
Q12791,HAS_RELATED_DRUG,DB01119
Q14654,HAS_RELATED_DRUG,DB01119
O95298,HAS_RELATED_DRUG,DB01136
P02768,HAS_RELATED_DRUG,DB01136
P04798,HAS_RELATED_DRUG,DB01136
P05177,HAS_RELATED_DRUG,DB01136
P05181,HAS_RELATED_DRUG,DB01136
P06133,HAS_RELATED_DRUG,DB01136
P07550,HAS_RELATED_DRUG,DB01136
P08183,HAS_RELATED_DRUG,DB01136
P08588,HAS_RELATED_DRUG,DB01136
P08684,HAS_RELATED_DRUG,DB01136
P08913,HAS_RELATED_DRUG,DB01136
P10635,HAS_RELATED_DRUG,DB01136
P11712,HAS_RELATED_DRUG,DB01136
P15692,HAS_RELATED_DRUG,DB01136
P16581,HAS_RELATED_DRUG,DB01136
P16662,HAS_RELATED_DRUG,DB01136
P16860,HAS_RELATED_DRUG,DB01136
P17302,HAS_RELATED_DRUG,DB01136
P18089,HAS_RELATED_DRUG,DB01136
P18825,HAS_RELATED_DRUG,DB01136
P19320,HAS_RELATED_DRUG,DB01136
P22309,HAS_RELATED_DRUG,DB01136
P25100,HAS_RELATED_DRUG,DB01136
P35348,HAS_RELATED_DRUG,DB01136
P35368,HAS_RELATED_DRUG,DB01136
P47989,HAS_RELATED_DRUG,DB01136
P48050,HAS_RELATED_DRUG,DB01136
P63252,HAS_RELATED_DRUG,DB01136
Q12809,HAS_RELATED_DRUG,DB01136
Q16665,HAS_RELATED_DRUG,DB01136
O15438,HAS_RELATED_DRUG,DB01138
O15439,HAS_RELATED_DRUG,DB01138
O15440,HAS_RELATED_DRUG,DB01138
O75469,HAS_RELATED_DRUG,DB01138
O95255,HAS_RELATED_DRUG,DB01138
O95342,HAS_RELATED_DRUG,DB01138
P08684,HAS_RELATED_DRUG,DB01138
P10632,HAS_RELATED_DRUG,DB01138
P11712,HAS_RELATED_DRUG,DB01138
P12104,HAS_RELATED_DRUG,DB01138
P20813,HAS_RELATED_DRUG,DB01138
P33527,HAS_RELATED_DRUG,DB01138
Q92887,HAS_RELATED_DRUG,DB01138
Q96S37,HAS_RELATED_DRUG,DB01138
P00915,HAS_RELATED_DRUG,DB01144
P00918,HAS_RELATED_DRUG,DB01144
P07451,HAS_RELATED_DRUG,DB01144
P22748,HAS_RELATED_DRUG,DB01144
P43166,HAS_RELATED_DRUG,DB01144
P05177,HAS_RELATED_DRUG,DB01166
P08684,HAS_RELATED_DRUG,DB01166
P10635,HAS_RELATED_DRUG,DB01166
P20815,HAS_RELATED_DRUG,DB01166
P24462,HAS_RELATED_DRUG,DB01166
P33261,HAS_RELATED_DRUG,DB01166
Q14432,HAS_RELATED_DRUG,DB01166
P12821,HAS_RELATED_DRUG,DB01180
P00915,HAS_RELATED_DRUG,DB01194
P00918,HAS_RELATED_DRUG,DB01194
P07451,HAS_RELATED_DRUG,DB01194
P08684,HAS_RELATED_DRUG,DB01194
P22748,HAS_RELATED_DRUG,DB01194
P35218,HAS_RELATED_DRUG,DB01194
P02768,HAS_RELATED_DRUG,DB01197
P08183,HAS_RELATED_DRUG,DB01197
P08253,HAS_RELATED_DRUG,DB01197
P09960,HAS_RELATED_DRUG,DB01197
P12821,HAS_RELATED_DRUG,DB01197
P14780,HAS_RELATED_DRUG,DB01197
P46059,HAS_RELATED_DRUG,DB01197
P46663,HAS_RELATED_DRUG,DB01197
Q4U2R8,HAS_RELATED_DRUG,DB01197
P02763,HAS_RELATED_DRUG,DB01203
P07550,HAS_RELATED_DRUG,DB01203
P08183,HAS_RELATED_DRUG,DB01203
P08588,HAS_RELATED_DRUG,DB01203
P09086,HAS_RELATED_DRUG,DB01203
P14859,HAS_RELATED_DRUG,DB01203
P19652,HAS_RELATED_DRUG,DB01203
Q86VL8,HAS_RELATED_DRUG,DB01203
Q96FL8,HAS_RELATED_DRUG,DB01203
P06276,HAS_RELATED_DRUG,DB01221
P08172,HAS_RELATED_DRUG,DB01221
P08173,HAS_RELATED_DRUG,DB01221
P08684,HAS_RELATED_DRUG,DB01221
P08908,HAS_RELATED_DRUG,DB01221
P08912,HAS_RELATED_DRUG,DB01221
P10632,HAS_RELATED_DRUG,DB01221
P11229,HAS_RELATED_DRUG,DB01221
P11712,HAS_RELATED_DRUG,DB01221
P14416,HAS_RELATED_DRUG,DB01221
P20309,HAS_RELATED_DRUG,DB01221
P20813,HAS_RELATED_DRUG,DB01221
P23219,HAS_RELATED_DRUG,DB01221
P23975,HAS_RELATED_DRUG,DB01221
P25103,HAS_RELATED_DRUG,DB01221
P28221,HAS_RELATED_DRUG,DB01221
P28222,HAS_RELATED_DRUG,DB01221
P28223,HAS_RELATED_DRUG,DB01221
P28335,HAS_RELATED_DRUG,DB01221
P28566,HAS_RELATED_DRUG,DB01221
P29475,HAS_RELATED_DRUG,DB01221
P30939,HAS_RELATED_DRUG,DB01221
P35372,HAS_RELATED_DRUG,DB01221
P41143,HAS_RELATED_DRUG,DB01221
P41145,HAS_RELATED_DRUG,DB01221
P41595,HAS_RELATED_DRUG,DB01221
P46098,HAS_RELATED_DRUG,DB01221
Q8TCU5,HAS_RELATED_DRUG,DB01221
Q693P7,HAS_RELATED_DRUG,DB01221
P00742,HAS_RELATED_DRUG,DB01225
P01008,HAS_RELATED_DRUG,DB01225
P05164,HAS_RELATED_DRUG,DB01225
O00591,HAS_RELATED_DRUG,DB01236
O14764,HAS_RELATED_DRUG,DB01236
P02768,HAS_RELATED_DRUG,DB01236
P03886,HAS_RELATED_DRUG,DB01236
P05181,HAS_RELATED_DRUG,DB01236
P08684,HAS_RELATED_DRUG,DB01236
P11509,HAS_RELATED_DRUG,DB01236
P14867,HAS_RELATED_DRUG,DB01236
P18505,HAS_RELATED_DRUG,DB01236
P18507,HAS_RELATED_DRUG,DB01236
P20813,HAS_RELATED_DRUG,DB01236
P23415,HAS_RELATED_DRUG,DB01236
P28472,HAS_RELATED_DRUG,DB01236
P31644,HAS_RELATED_DRUG,DB01236
P34903,HAS_RELATED_DRUG,DB01236
P42261,HAS_RELATED_DRUG,DB01236
P47869,HAS_RELATED_DRUG,DB01236
P47870,HAS_RELATED_DRUG,DB01236
P48169,HAS_RELATED_DRUG,DB01236
P78334,HAS_RELATED_DRUG,DB01236
P98194,HAS_RELATED_DRUG,DB01236
Q16445,HAS_RELATED_DRUG,DB01236
Q8N1C3,HAS_RELATED_DRUG,DB01236
Q96ER9,HAS_RELATED_DRUG,DB01236
Q99928,HAS_RELATED_DRUG,DB01236
Q9UN88,HAS_RELATED_DRUG,DB01236
P43119,HAS_RELATED_DRUG,DB01240
Q16647,HAS_RELATED_DRUG,DB01240
Q9H244,HAS_RELATED_DRUG,DB01240
O00555,HAS_RELATED_DRUG,DB01244
O95180,HAS_RELATED_DRUG,DB01244
P05023,HAS_RELATED_DRUG,DB01244
P08183,HAS_RELATED_DRUG,DB01244
P08684,HAS_RELATED_DRUG,DB01244
P0DP23,HAS_RELATED_DRUG,DB01244
P10635,HAS_RELATED_DRUG,DB01244
P51787,HAS_RELATED_DRUG,DB01244
P54750,HAS_RELATED_DRUG,DB01244
P63316,HAS_RELATED_DRUG,DB01244
Q01064,HAS_RELATED_DRUG,DB01244
Q12809,HAS_RELATED_DRUG,DB01244
Q9NY47,HAS_RELATED_DRUG,DB01244
P02768,HAS_RELATED_DRUG,DB01275
P08684,HAS_RELATED_DRUG,DB01275
P13674,HAS_RELATED_DRUG,DB01275
Q16665,HAS_RELATED_DRUG,DB01275
Q16853,HAS_RELATED_DRUG,DB01275
P02768,HAS_RELATED_DRUG,DB01324
P55017,HAS_RELATED_DRUG,DB01324
Q4U2R8,HAS_RELATED_DRUG,DB01324
Q8TCC7,HAS_RELATED_DRUG,DB01324
P00915,HAS_RELATED_DRUG,DB01325
P00918,HAS_RELATED_DRUG,DB01325
P55011,HAS_RELATED_DRUG,DB01325
P55017,HAS_RELATED_DRUG,DB01325
Q13621,HAS_RELATED_DRUG,DB01325
P08183,HAS_RELATED_DRUG,DB01340
P12821,HAS_RELATED_DRUG,DB01340
P46059,HAS_RELATED_DRUG,DB01340
Q16348,HAS_RELATED_DRUG,DB01340
P05023,HAS_RELATED_DRUG,DB01345
P12821,HAS_RELATED_DRUG,DB01348
P46059,HAS_RELATED_DRUG,DB01348
Q16348,HAS_RELATED_DRUG,DB01348
P02763,HAS_RELATED_DRUG,DB01359
P07550,HAS_RELATED_DRUG,DB01359
P08588,HAS_RELATED_DRUG,DB01359
P08908,HAS_RELATED_DRUG,DB01359
P10635,HAS_RELATED_DRUG,DB01359
P28222,HAS_RELATED_DRUG,DB01359
O00305,HAS_RELATED_DRUG,DB01388
O43497,HAS_RELATED_DRUG,DB01388
O60840,HAS_RELATED_DRUG,DB01388
O95180,HAS_RELATED_DRUG,DB01388
P05177,HAS_RELATED_DRUG,DB01388
P08183,HAS_RELATED_DRUG,DB01388
P08684,HAS_RELATED_DRUG,DB01388
P10635,HAS_RELATED_DRUG,DB01388
P15538,HAS_RELATED_DRUG,DB01388
P19099,HAS_RELATED_DRUG,DB01388
P20815,HAS_RELATED_DRUG,DB01388
P24462,HAS_RELATED_DRUG,DB01388
P54284,HAS_RELATED_DRUG,DB01388
Q01668,HAS_RELATED_DRUG,DB01388
Q02641,HAS_RELATED_DRUG,DB01388
Q08289,HAS_RELATED_DRUG,DB01388
Q13698,HAS_RELATED_DRUG,DB01388
Q13936,HAS_RELATED_DRUG,DB01388
Q9P0X4,HAS_RELATED_DRUG,DB01388
P04150,HAS_RELATED_DRUG,DB01395
P06401,HAS_RELATED_DRUG,DB01395
P08235,HAS_RELATED_DRUG,DB01395
P08684,HAS_RELATED_DRUG,DB01395
P10275,HAS_RELATED_DRUG,DB01395
P27169,HAS_RELATED_DRUG,DB01395
P35354,HAS_RELATED_DRUG,DB01395
P02768,HAS_RELATED_DRUG,DB01396
P05023,HAS_RELATED_DRUG,DB01396
P05108,HAS_RELATED_DRUG,DB01396
P08183,HAS_RELATED_DRUG,DB01396
P08684,HAS_RELATED_DRUG,DB01396
P46721,HAS_RELATED_DRUG,DB01396
Q6ZQN7,HAS_RELATED_DRUG,DB01396
P02763,HAS_RELATED_DRUG,DB01418
P02768,HAS_RELATED_DRUG,DB01418
P05177,HAS_RELATED_DRUG,DB01418
P08183,HAS_RELATED_DRUG,DB01418
P08684,HAS_RELATED_DRUG,DB01418
P11712,HAS_RELATED_DRUG,DB01418
P33261,HAS_RELATED_DRUG,DB01418
Q9BQB6,HAS_RELATED_DRUG,DB01418
P01375,HAS_RELATED_DRUG,DB01427
P27815,HAS_RELATED_DRUG,DB01427
Q07343,HAS_RELATED_DRUG,DB01427
Q08493,HAS_RELATED_DRUG,DB01427
Q08499,HAS_RELATED_DRUG,DB01427
Q13370,HAS_RELATED_DRUG,DB01427
Q14432,HAS_RELATED_DRUG,DB01427
P05091,HAS_RELATED_DRUG,DB01612
P16066,HAS_RELATED_DRUG,DB01612
P21397,HAS_RELATED_DRUG,DB01626
P27338,HAS_RELATED_DRUG,DB01626
O15530,HAS_RELATED_DRUG,DB01946
Q09013,HAS_RELATED_DRUG,DB01946
O95622,HAS_RELATED_DRUG,DB02587
P08183,HAS_RELATED_DRUG,DB02587
P13569,HAS_RELATED_DRUG,DB02587
P63092,HAS_RELATED_DRUG,DB02587
Q08462,HAS_RELATED_DRUG,DB02587
O75469,HAS_RELATED_DRUG,DB02709
P02766,HAS_RELATED_DRUG,DB02709
P02768,HAS_RELATED_DRUG,DB02709
P03372,HAS_RELATED_DRUG,DB02709
P04798,HAS_RELATED_DRUG,DB02709
P05067,HAS_RELATED_DRUG,DB02709
P05106,HAS_RELATED_DRUG,DB02709
P05177,HAS_RELATED_DRUG,DB02709
P08648,HAS_RELATED_DRUG,DB02709
P08684,HAS_RELATED_DRUG,DB02709
P09917,HAS_RELATED_DRUG,DB02709
P11166,HAS_RELATED_DRUG,DB02709
P16050,HAS_RELATED_DRUG,DB02709
P16083,HAS_RELATED_DRUG,DB02709
P16152,HAS_RELATED_DRUG,DB02709
P23219,HAS_RELATED_DRUG,DB02709
P31749,HAS_RELATED_DRUG,DB02709
P35354,HAS_RELATED_DRUG,DB02709
P35869,HAS_RELATED_DRUG,DB02709
P37231,HAS_RELATED_DRUG,DB02709
P37840,HAS_RELATED_DRUG,DB02709
P48039,HAS_RELATED_DRUG,DB02709
P49286,HAS_RELATED_DRUG,DB02709
P54577,HAS_RELATED_DRUG,DB02709
P68400,HAS_RELATED_DRUG,DB02709
Q07869,HAS_RELATED_DRUG,DB02709
Q14994,HAS_RELATED_DRUG,DB02709
Q16678,HAS_RELATED_DRUG,DB02709
Q86T13,HAS_RELATED_DRUG,DB02709
Q8TCG2,HAS_RELATED_DRUG,DB02709
Q92945,HAS_RELATED_DRUG,DB02709
Q96EB6,HAS_RELATED_DRUG,DB02709
P00378,HAS_RELATED_DRUG,DB03904
P00918,HAS_RELATED_DRUG,DB03904
P05089,HAS_RELATED_DRUG,DB03904
P35222,HAS_RELATED_DRUG,DB03904
Q13336,HAS_RELATED_DRUG,DB03904
Q15849,HAS_RELATED_DRUG,DB03904
Q8XB74,HAS_RELATED_DRUG,DB03904
P0DP23,HAS_RELATED_DRUG,DB04513
P19429,HAS_RELATED_DRUG,DB04513
P63316,HAS_RELATED_DRUG,DB04513
P08684,HAS_RELATED_DRUG,DB04838
P23141,HAS_RELATED_DRUG,DB04838
P54289,HAS_RELATED_DRUG,DB04838
P02768,HAS_RELATED_DRUG,DB04861
P07550,HAS_RELATED_DRUG,DB04861
P08588,HAS_RELATED_DRUG,DB04861
P08684,HAS_RELATED_DRUG,DB04861
P10635,HAS_RELATED_DRUG,DB04861
P13945,HAS_RELATED_DRUG,DB04861
P33261,HAS_RELATED_DRUG,DB04861
Q14432,HAS_RELATED_DRUG,DB04880
P00734,HAS_RELATED_DRUG,DB04898
P11712,HAS_RELATED_DRUG,DB04898
P00747,HAS_RELATED_DRUG,DB04925
P02671,HAS_RELATED_DRUG,DB05099
P27815,HAS_RELATED_DRUG,DB05266
Q07343,HAS_RELATED_DRUG,DB05266
Q08493,HAS_RELATED_DRUG,DB05266
Q08499,HAS_RELATED_DRUG,DB05266
Q14432,HAS_RELATED_DRUG,DB05266
P01375,HAS_RELATED_DRUG,DB05767
P01584,HAS_RELATED_DRUG,DB05767
P05231,HAS_RELATED_DRUG,DB05767
P19838,HAS_RELATED_DRUG,DB05767
Q00653,HAS_RELATED_DRUG,DB05767
P04275,HAS_RELATED_DRUG,DB06081
P08684,HAS_RELATED_DRUG,DB06152
P21964,HAS_RELATED_DRUG,DB06152
P48551,HAS_RELATED_DRUG,DB06152
Q9P0X4,HAS_RELATED_DRUG,DB06152
P05091,HAS_RELATED_DRUG,DB06154
P29474,HAS_RELATED_DRUG,DB06154
P33402,HAS_RELATED_DRUG,DB06154
P68871,HAS_RELATED_DRUG,DB06154
P69905,HAS_RELATED_DRUG,DB06154
O00748,HAS_RELATED_DRUG,DB06209
P02768,HAS_RELATED_DRUG,DB06209
P08684,HAS_RELATED_DRUG,DB06209
P11712,HAS_RELATED_DRUG,DB06209
P20813,HAS_RELATED_DRUG,DB06209
P33261,HAS_RELATED_DRUG,DB06209
Q9H244,HAS_RELATED_DRUG,DB06209
P00742,HAS_RELATED_DRUG,DB06228
P08183,HAS_RELATED_DRUG,DB06228
P08684,HAS_RELATED_DRUG,DB06228
P20815,HAS_RELATED_DRUG,DB06228
P51589,HAS_RELATED_DRUG,DB06228
Q9UNQ0,HAS_RELATED_DRUG,DB06228
P01008,HAS_RELATED_DRUG,DB06271
P05546,HAS_RELATED_DRUG,DB06271
P00742,HAS_RELATED_DRUG,DB06406
P25963,HAS_RELATED_DRUG,DB06543
P00742,HAS_RELATED_DRUG,DB06605
P05177,HAS_RELATED_DRUG,DB06605
P08183,HAS_RELATED_DRUG,DB06605
P08684,HAS_RELATED_DRUG,DB06605
P10632,HAS_RELATED_DRUG,DB06605
P11712,HAS_RELATED_DRUG,DB06605
P20815,HAS_RELATED_DRUG,DB06605
P33261,HAS_RELATED_DRUG,DB06605
P51589,HAS_RELATED_DRUG,DB06605
Q9UNQ0,HAS_RELATED_DRUG,DB06605
P00742,HAS_RELATED_DRUG,DB06635
O00748,HAS_RELATED_DRUG,DB06695
O60656,HAS_RELATED_DRUG,DB06695
P00734,HAS_RELATED_DRUG,DB06695
P08183,HAS_RELATED_DRUG,DB06695
P16083,HAS_RELATED_DRUG,DB06695
P16662,HAS_RELATED_DRUG,DB06695
P23141,HAS_RELATED_DRUG,DB06695
P54855,HAS_RELATED_DRUG,DB06695
P21397,HAS_RELATED_DRUG,DB06698
P27338,HAS_RELATED_DRUG,DB06698
P35367,HAS_RELATED_DRUG,DB06698
Q9Y5N1,HAS_RELATED_DRUG,DB06698
P05181,HAS_RELATED_DRUG,DB06712
P08684,HAS_RELATED_DRUG,DB06712
P10632,HAS_RELATED_DRUG,DB06712
P11509,HAS_RELATED_DRUG,DB06712
P33261,HAS_RELATED_DRUG,DB06712
P54289,HAS_RELATED_DRUG,DB06712
Q01668,HAS_RELATED_DRUG,DB06712
Q08289,HAS_RELATED_DRUG,DB06712
Q13698,HAS_RELATED_DRUG,DB06712
Q13936,HAS_RELATED_DRUG,DB06712
Q8IZS8,HAS_RELATED_DRUG,DB06712
P01008,HAS_RELATED_DRUG,DB06754
P01008,HAS_RELATED_DRUG,DB06779
P10646,HAS_RELATED_DRUG,DB06779
P15692,HAS_RELATED_DRUG,DB06779
P16109,HAS_RELATED_DRUG,DB06779
Q9Y251,HAS_RELATED_DRUG,DB06779
O75173,HAS_RELATED_DRUG,DB06822
P01008,HAS_RELATED_DRUG,DB06822
P13612,HAS_RELATED_DRUG,DB06822
P48061,HAS_RELATED_DRUG,DB06822
P00734,HAS_RELATED_DRUG,DB07278
P00742,HAS_RELATED_DRUG,DB07278
O75116,HAS_RELATED_DRUG,DB08162
P17612,HAS_RELATED_DRUG,DB08162
P61925,HAS_RELATED_DRUG,DB08162
Q13464,HAS_RELATED_DRUG,DB08162
P02768,HAS_RELATED_DRUG,DB08496
P04798,HAS_RELATED_DRUG,DB08496
P05177,HAS_RELATED_DRUG,DB08496
P08684,HAS_RELATED_DRUG,DB08496
P10632,HAS_RELATED_DRUG,DB08496
P11712,HAS_RELATED_DRUG,DB08496
P33260,HAS_RELATED_DRUG,DB08496
P33261,HAS_RELATED_DRUG,DB08496
P08684,HAS_RELATED_DRUG,DB08794
P15104,HAS_RELATED_DRUG,DB08794
P01008,HAS_RELATED_DRUG,DB08813
P01100,HAS_RELATED_DRUG,DB08813
P01106,HAS_RELATED_DRUG,DB08813
P16109,HAS_RELATED_DRUG,DB08813
P02768,HAS_RELATED_DRUG,DB08814
P19838,HAS_RELATED_DRUG,DB08814
P23219,HAS_RELATED_DRUG,DB08814
P35228,HAS_RELATED_DRUG,DB08814
Q9Y233,HAS_RELATED_DRUG,DB08814
P02768,HAS_RELATED_DRUG,DB08816
P08183,HAS_RELATED_DRUG,DB08816
P08684,HAS_RELATED_DRUG,DB08816
P11712,HAS_RELATED_DRUG,DB08816
Q9H244,HAS_RELATED_DRUG,DB08816
P12821,HAS_RELATED_DRUG,DB08836
P46059,HAS_RELATED_DRUG,DB08836
P46721,HAS_RELATED_DRUG,DB08836
O15244,HAS_RELATED_DRUG,DB08838
O15245,HAS_RELATED_DRUG,DB08838
O75751,HAS_RELATED_DRUG,DB08838
P02708,HAS_RELATED_DRUG,DB08838
P08684,HAS_RELATED_DRUG,DB08838
P18825,HAS_RELATED_DRUG,DB08838
P48048,HAS_RELATED_DRUG,DB08838
Q00975,HAS_RELATED_DRUG,DB08838
Q05586,HAS_RELATED_DRUG,DB08838
Q9UHC3,HAS_RELATED_DRUG,DB08838
Q9UM01,HAS_RELATED_DRUG,DB08838
Q9Y2I1,HAS_RELATED_DRUG,DB08838
O60656,HAS_RELATED_DRUG,DB08907
P02763,HAS_RELATED_DRUG,DB08907
P06133,HAS_RELATED_DRUG,DB08907
P08183,HAS_RELATED_DRUG,DB08907
P08684,HAS_RELATED_DRUG,DB08907
P31639,HAS_RELATED_DRUG,DB08907
Q92887,HAS_RELATED_DRUG,DB08907
Q9UNQ0,HAS_RELATED_DRUG,DB08907
P02763,HAS_RELATED_DRUG,DB08931
P02768,HAS_RELATED_DRUG,DB08931
P04798,HAS_RELATED_DRUG,DB08931
P08684,HAS_RELATED_DRUG,DB08931
P10632,HAS_RELATED_DRUG,DB08931
P33402,HAS_RELATED_DRUG,DB08931
P51589,HAS_RELATED_DRUG,DB08931
Q9UNQ0,HAS_RELATED_DRUG,DB08931
P02768,HAS_RELATED_DRUG,DB08932
P08684,HAS_RELATED_DRUG,DB08932
P24530,HAS_RELATED_DRUG,DB08932
P25101,HAS_RELATED_DRUG,DB08932
P33261,HAS_RELATED_DRUG,DB08932
P06576,HAS_RELATED_DRUG,DB08949
P49019,HAS_RELATED_DRUG,DB08949
Q8N695,HAS_RELATED_DRUG,DB08949
Q8TDS4,HAS_RELATED_DRUG,DB08949
Q96PD7,HAS_RELATED_DRUG,DB08949
P00742,HAS_RELATED_DRUG,DB09075
P08183,HAS_RELATED_DRUG,DB09075
O00305,HAS_RELATED_DRUG,DB09089
O00555,HAS_RELATED_DRUG,DB09089
O15554,HAS_RELATED_DRUG,DB09089
O43497,HAS_RELATED_DRUG,DB09089
O60840,HAS_RELATED_DRUG,DB09089
O95180,HAS_RELATED_DRUG,DB09089
P08172,HAS_RELATED_DRUG,DB09089
P08173,HAS_RELATED_DRUG,DB09089
P08684,HAS_RELATED_DRUG,DB09089
P11229,HAS_RELATED_DRUG,DB09089
P20309,HAS_RELATED_DRUG,DB09089
P35372,HAS_RELATED_DRUG,DB09089
P54284,HAS_RELATED_DRUG,DB09089
Q01668,HAS_RELATED_DRUG,DB09089
Q02641,HAS_RELATED_DRUG,DB09089
Q08289,HAS_RELATED_DRUG,DB09089
Q12791,HAS_RELATED_DRUG,DB09089
Q13698,HAS_RELATED_DRUG,DB09089
Q13936,HAS_RELATED_DRUG,DB09089
Q16558,HAS_RELATED_DRUG,DB09089
Q86W47,HAS_RELATED_DRUG,DB09089
Q92952,HAS_RELATED_DRUG,DB09089
Q9H2S1,HAS_RELATED_DRUG,DB09089
Q9NPA1,HAS_RELATED_DRUG,DB09089
Q9P0X4,HAS_RELATED_DRUG,DB09089
Q9UGI6,HAS_RELATED_DRUG,DB09089
Q9Y691,HAS_RELATED_DRUG,DB09089
P04406,HAS_RELATED_DRUG,DB09092
P39023,HAS_RELATED_DRUG,DB09092
P40926,HAS_RELATED_DRUG,DB09092
P50213,HAS_RELATED_DRUG,DB09092
Q02218,HAS_RELATED_DRUG,DB09092
Q13423,HAS_RELATED_DRUG,DB09092
P53007,HAS_RELATED_DRUG,DB09154
Q13183,HAS_RELATED_DRUG,DB09154
Q86YT5,HAS_RELATED_DRUG,DB09154
Q9BQT8,HAS_RELATED_DRUG,DB09154
P08684,HAS_RELATED_DRUG,DB09216
P23219,HAS_RELATED_DRUG,DB09216
P35354,HAS_RELATED_DRUG,DB09216
O60706,HAS_RELATED_DRUG,DB09220
O60840,HAS_RELATED_DRUG,DB09229
P02763,HAS_RELATED_DRUG,DB09229
P02768,HAS_RELATED_DRUG,DB09229
P08684,HAS_RELATED_DRUG,DB09229
P08913,HAS_RELATED_DRUG,DB09229
P18089,HAS_RELATED_DRUG,DB09229
P18825,HAS_RELATED_DRUG,DB09229
P25100,HAS_RELATED_DRUG,DB09229
P35348,HAS_RELATED_DRUG,DB09229
P35368,HAS_RELATED_DRUG,DB09229
Q01668,HAS_RELATED_DRUG,DB09229
Q13698,HAS_RELATED_DRUG,DB09229
Q13936,HAS_RELATED_DRUG,DB09229
O00305,HAS_RELATED_DRUG,DB09231
O00555,HAS_RELATED_DRUG,DB09231
O43497,HAS_RELATED_DRUG,DB09231
O60840,HAS_RELATED_DRUG,DB09231
O95180,HAS_RELATED_DRUG,DB09231
P08684,HAS_RELATED_DRUG,DB09231
P20815,HAS_RELATED_DRUG,DB09231
P54284,HAS_RELATED_DRUG,DB09231
Q00975,HAS_RELATED_DRUG,DB09231
Q01668,HAS_RELATED_DRUG,DB09231
Q02641,HAS_RELATED_DRUG,DB09231
Q08289,HAS_RELATED_DRUG,DB09231
Q13698,HAS_RELATED_DRUG,DB09231
Q13936,HAS_RELATED_DRUG,DB09231
Q9P0X4,HAS_RELATED_DRUG,DB09231
O00305,HAS_RELATED_DRUG,DB09232
O00555,HAS_RELATED_DRUG,DB09232
O60840,HAS_RELATED_DRUG,DB09232
P08684,HAS_RELATED_DRUG,DB09232
P54284,HAS_RELATED_DRUG,DB09232
Q00975,HAS_RELATED_DRUG,DB09232
Q01668,HAS_RELATED_DRUG,DB09232
Q02641,HAS_RELATED_DRUG,DB09232
Q08289,HAS_RELATED_DRUG,DB09232
Q13698,HAS_RELATED_DRUG,DB09232
Q13936,HAS_RELATED_DRUG,DB09232
O00305,HAS_RELATED_DRUG,DB09236
O00555,HAS_RELATED_DRUG,DB09236
O60840,HAS_RELATED_DRUG,DB09236
P02763,HAS_RELATED_DRUG,DB09236
P02768,HAS_RELATED_DRUG,DB09236
P08684,HAS_RELATED_DRUG,DB09236
P54284,HAS_RELATED_DRUG,DB09236
Q01668,HAS_RELATED_DRUG,DB09236
Q02641,HAS_RELATED_DRUG,DB09236
Q08289,HAS_RELATED_DRUG,DB09236
Q13698,HAS_RELATED_DRUG,DB09236
Q13936,HAS_RELATED_DRUG,DB09236
O00305,HAS_RELATED_DRUG,DB09238
O00555,HAS_RELATED_DRUG,DB09238
O43497,HAS_RELATED_DRUG,DB09238
O60840,HAS_RELATED_DRUG,DB09238
O95180,HAS_RELATED_DRUG,DB09238
P04798,HAS_RELATED_DRUG,DB09238
P08684,HAS_RELATED_DRUG,DB09238
P10635,HAS_RELATED_DRUG,DB09238
P11712,HAS_RELATED_DRUG,DB09238
P20813,HAS_RELATED_DRUG,DB09238
P33261,HAS_RELATED_DRUG,DB09238
P54284,HAS_RELATED_DRUG,DB09238
Q01668,HAS_RELATED_DRUG,DB09238
Q02641,HAS_RELATED_DRUG,DB09238
Q08289,HAS_RELATED_DRUG,DB09238
Q13698,HAS_RELATED_DRUG,DB09238
Q13936,HAS_RELATED_DRUG,DB09238
Q9P0X4,HAS_RELATED_DRUG,DB09238
P00742,HAS_RELATED_DRUG,DB09258
P01008,HAS_RELATED_DRUG,DB09258
P05546,HAS_RELATED_DRUG,DB09258
O76074,HAS_RELATED_DRUG,DB09282
P33402,HAS_RELATED_DRUG,DB09282
O00408,HAS_RELATED_DRUG,DB09283
O60658,HAS_RELATED_DRUG,DB09283
O76074,HAS_RELATED_DRUG,DB09283
O76083,HAS_RELATED_DRUG,DB09283
O95263,HAS_RELATED_DRUG,DB09283
P09619,HAS_RELATED_DRUG,DB09283
P16499,HAS_RELATED_DRUG,DB09283
P27815,HAS_RELATED_DRUG,DB09283
P35913,HAS_RELATED_DRUG,DB09283
P51160,HAS_RELATED_DRUG,DB09283
P54750,HAS_RELATED_DRUG,DB09283
Q01064,HAS_RELATED_DRUG,DB09283
Q07343,HAS_RELATED_DRUG,DB09283
Q08493,HAS_RELATED_DRUG,DB09283
Q08499,HAS_RELATED_DRUG,DB09283
Q13370,HAS_RELATED_DRUG,DB09283
Q13946,HAS_RELATED_DRUG,DB09283
Q14123,HAS_RELATED_DRUG,DB09283
Q14432,HAS_RELATED_DRUG,DB09283
Q9HCR9,HAS_RELATED_DRUG,DB09283
Q9NP56,HAS_RELATED_DRUG,DB09283
Q9Y233,HAS_RELATED_DRUG,DB09283
P05186,HAS_RELATED_DRUG,DB09338
P19827,HAS_RELATED_DRUG,DB09338
P29972,HAS_RELATED_DRUG,DB09338
P35558,HAS_RELATED_DRUG,DB09338
P53985,HAS_RELATED_DRUG,DB09338
P10415,HAS_RELATED_DRUG,DB09401
Q07817,HAS_RELATED_DRUG,DB09401
Q07820,HAS_RELATED_DRUG,DB09401
P12821,HAS_RELATED_DRUG,DB09477
P46663,HAS_RELATED_DRUG,DB09477
P00734,HAS_RELATED_DRUG,DB11166
P00742,HAS_RELATED_DRUG,DB11166
P01008,HAS_RELATED_DRUG,DB11598
O60656,HAS_RELATED_DRUG,DB11827
P02768,HAS_RELATED_DRUG,DB11827
P08183,HAS_RELATED_DRUG,DB11827
P16662,HAS_RELATED_DRUG,DB11827
P22309,HAS_RELATED_DRUG,DB11827
P22310,HAS_RELATED_DRUG,DB11827
P31639,HAS_RELATED_DRUG,DB11827
Q9UNQ0,HAS_RELATED_DRUG,DB11827
O00238,HAS_RELATED_DRUG,DB12010
O00329,HAS_RELATED_DRUG,DB12010
O00444,HAS_RELATED_DRUG,DB12010
O00519,HAS_RELATED_DRUG,DB12010
O00750,HAS_RELATED_DRUG,DB12010
O14578,HAS_RELATED_DRUG,DB12010
O14730,HAS_RELATED_DRUG,DB12010
O14757,HAS_RELATED_DRUG,DB12010
O14920,HAS_RELATED_DRUG,DB12010
O14936,HAS_RELATED_DRUG,DB12010
O14965,HAS_RELATED_DRUG,DB12010
O14976,HAS_RELATED_DRUG,DB12010
O15075,HAS_RELATED_DRUG,DB12010
O15146,HAS_RELATED_DRUG,DB12010
O15197,HAS_RELATED_DRUG,DB12010
O15264,HAS_RELATED_DRUG,DB12010
O15530,HAS_RELATED_DRUG,DB12010
O43283,HAS_RELATED_DRUG,DB12010
O43293,HAS_RELATED_DRUG,DB12010
O43353,HAS_RELATED_DRUG,DB12010
O43741,HAS_RELATED_DRUG,DB12010
O60285,HAS_RELATED_DRUG,DB12010
O60656,HAS_RELATED_DRUG,DB12010
O60674,HAS_RELATED_DRUG,DB12010
O75116,HAS_RELATED_DRUG,DB12010
O75385,HAS_RELATED_DRUG,DB12010
O75460,HAS_RELATED_DRUG,DB12010
O75716,HAS_RELATED_DRUG,DB12010
O75747,HAS_RELATED_DRUG,DB12010
O75914,HAS_RELATED_DRUG,DB12010
O76074,HAS_RELATED_DRUG,DB12010
O94768,HAS_RELATED_DRUG,DB12010
O94804,HAS_RELATED_DRUG,DB12010
O95382,HAS_RELATED_DRUG,DB12010
O95747,HAS_RELATED_DRUG,DB12010
O95819,HAS_RELATED_DRUG,DB12010
O95835,HAS_RELATED_DRUG,DB12010
O96013,HAS_RELATED_DRUG,DB12010
O96017,HAS_RELATED_DRUG,DB12010
P00519,HAS_RELATED_DRUG,DB12010
P00533,HAS_RELATED_DRUG,DB12010
P04049,HAS_RELATED_DRUG,DB12010
P04626,HAS_RELATED_DRUG,DB12010
P04629,HAS_RELATED_DRUG,DB12010
P05129,HAS_RELATED_DRUG,DB12010
P06213,HAS_RELATED_DRUG,DB12010
P06239,HAS_RELATED_DRUG,DB12010
P06241,HAS_RELATED_DRUG,DB12010
P06493,HAS_RELATED_DRUG,DB12010
P07332,HAS_RELATED_DRUG,DB12010
P07333,HAS_RELATED_DRUG,DB12010
P07498,HAS_RELATED_DRUG,DB12010
P07711,HAS_RELATED_DRUG,DB12010
P07947,HAS_RELATED_DRUG,DB12010
P07948,HAS_RELATED_DRUG,DB12010
P07949,HAS_RELATED_DRUG,DB12010
P08581,HAS_RELATED_DRUG,DB12010
P08631,HAS_RELATED_DRUG,DB12010
P08684,HAS_RELATED_DRUG,DB12010
P08922,HAS_RELATED_DRUG,DB12010
P09619,HAS_RELATED_DRUG,DB12010
P09769,HAS_RELATED_DRUG,DB12010
P09917,HAS_RELATED_DRUG,DB12010
P0C264,HAS_RELATED_DRUG,DB12010
P0DMS8,HAS_RELATED_DRUG,DB12010
P10721,HAS_RELATED_DRUG,DB12010
P11309,HAS_RELATED_DRUG,DB12010
P11362,HAS_RELATED_DRUG,DB12010
P11802,HAS_RELATED_DRUG,DB12010
P12931,HAS_RELATED_DRUG,DB12010
P14616,HAS_RELATED_DRUG,DB12010
P15056,HAS_RELATED_DRUG,DB12010
P16234,HAS_RELATED_DRUG,DB12010
P16591,HAS_RELATED_DRUG,DB12010
P17612,HAS_RELATED_DRUG,DB12010
P17948,HAS_RELATED_DRUG,DB12010
P19525,HAS_RELATED_DRUG,DB12010
P19784,HAS_RELATED_DRUG,DB12010
P21709,HAS_RELATED_DRUG,DB12010
P21802,HAS_RELATED_DRUG,DB12010
P22309,HAS_RELATED_DRUG,DB12010
P22607,HAS_RELATED_DRUG,DB12010
P22694,HAS_RELATED_DRUG,DB12010
P23458,HAS_RELATED_DRUG,DB12010
P25774,HAS_RELATED_DRUG,DB12010
P27448,HAS_RELATED_DRUG,DB12010
P29317,HAS_RELATED_DRUG,DB12010
P29320,HAS_RELATED_DRUG,DB12010
P29322,HAS_RELATED_DRUG,DB12010
P29323,HAS_RELATED_DRUG,DB12010
P29376,HAS_RELATED_DRUG,DB12010
P29597,HAS_RELATED_DRUG,DB12010
P30291,HAS_RELATED_DRUG,DB12010
P30530,HAS_RELATED_DRUG,DB12010
P31152,HAS_RELATED_DRUG,DB12010
P33981,HAS_RELATED_DRUG,DB12010
P35590,HAS_RELATED_DRUG,DB12010
P35916,HAS_RELATED_DRUG,DB12010
P35968,HAS_RELATED_DRUG,DB12010
P36507,HAS_RELATED_DRUG,DB12010
P36888,HAS_RELATED_DRUG,DB12010
P36896,HAS_RELATED_DRUG,DB12010
P36897,HAS_RELATED_DRUG,DB12010
P37173,HAS_RELATED_DRUG,DB12010
P41240,HAS_RELATED_DRUG,DB12010
P41743,HAS_RELATED_DRUG,DB12010
P42345,HAS_RELATED_DRUG,DB12010
P42679,HAS_RELATED_DRUG,DB12010
P42680,HAS_RELATED_DRUG,DB12010
P42681,HAS_RELATED_DRUG,DB12010
P42684,HAS_RELATED_DRUG,DB12010
P42685,HAS_RELATED_DRUG,DB12010
P43403,HAS_RELATED_DRUG,DB12010
P43405,HAS_RELATED_DRUG,DB12010
P45984,HAS_RELATED_DRUG,DB12010
P46734,HAS_RELATED_DRUG,DB12010
P48729,HAS_RELATED_DRUG,DB12010
P48736,HAS_RELATED_DRUG,DB12010
P49759,HAS_RELATED_DRUG,DB12010
P49760,HAS_RELATED_DRUG,DB12010
P49761,HAS_RELATED_DRUG,DB12010
P49840,HAS_RELATED_DRUG,DB12010
P49841,HAS_RELATED_DRUG,DB12010
P51451,HAS_RELATED_DRUG,DB12010
P51617,HAS_RELATED_DRUG,DB12010
P51812,HAS_RELATED_DRUG,DB12010
P51813,HAS_RELATED_DRUG,DB12010
P51955,HAS_RELATED_DRUG,DB12010
P51956,HAS_RELATED_DRUG,DB12010
P51957,HAS_RELATED_DRUG,DB12010
P52333,HAS_RELATED_DRUG,DB12010
P52564,HAS_RELATED_DRUG,DB12010
P53350,HAS_RELATED_DRUG,DB12010
P53355,HAS_RELATED_DRUG,DB12010
P53667,HAS_RELATED_DRUG,DB12010
P53671,HAS_RELATED_DRUG,DB12010
P53779,HAS_RELATED_DRUG,DB12010
P54619,HAS_RELATED_DRUG,DB12010
P54646,HAS_RELATED_DRUG,DB12010
P54756,HAS_RELATED_DRUG,DB12010
P54760,HAS_RELATED_DRUG,DB12010
P54762,HAS_RELATED_DRUG,DB12010
P54764,HAS_RELATED_DRUG,DB12010
P57059,HAS_RELATED_DRUG,DB12010
P57078,HAS_RELATED_DRUG,DB12010
P62344,HAS_RELATED_DRUG,DB12010
P68400,HAS_RELATED_DRUG,DB12010
P78356,HAS_RELATED_DRUG,DB12010
P80192,HAS_RELATED_DRUG,DB12010
P9WI81,HAS_RELATED_DRUG,DB12010
Q00532,HAS_RELATED_DRUG,DB12010
Q00536,HAS_RELATED_DRUG,DB12010
Q00537,HAS_RELATED_DRUG,DB12010
Q02156,HAS_RELATED_DRUG,DB12010
Q02763,HAS_RELATED_DRUG,DB12010
Q02779,HAS_RELATED_DRUG,DB12010
Q04759,HAS_RELATED_DRUG,DB12010
Q04771,HAS_RELATED_DRUG,DB12010
Q04912,HAS_RELATED_DRUG,DB12010
Q05397,HAS_RELATED_DRUG,DB12010
Q05655,HAS_RELATED_DRUG,DB12010
Q06187,HAS_RELATED_DRUG,DB12010
Q06418,HAS_RELATED_DRUG,DB12010
Q07912,HAS_RELATED_DRUG,DB12010
Q08345,HAS_RELATED_DRUG,DB12010
Q08881,HAS_RELATED_DRUG,DB12010
Q12851,HAS_RELATED_DRUG,DB12010
Q12852,HAS_RELATED_DRUG,DB12010
Q12866,HAS_RELATED_DRUG,DB12010
Q13131,HAS_RELATED_DRUG,DB12010
Q13153,HAS_RELATED_DRUG,DB12010
Q13163,HAS_RELATED_DRUG,DB12010
Q13164,HAS_RELATED_DRUG,DB12010
Q13177,HAS_RELATED_DRUG,DB12010
Q13188,HAS_RELATED_DRUG,DB12010
Q13233,HAS_RELATED_DRUG,DB12010
Q13237,HAS_RELATED_DRUG,DB12010
Q13470,HAS_RELATED_DRUG,DB12010
Q13523,HAS_RELATED_DRUG,DB12010
Q13546,HAS_RELATED_DRUG,DB12010
Q13554,HAS_RELATED_DRUG,DB12010
Q13555,HAS_RELATED_DRUG,DB12010
Q13557,HAS_RELATED_DRUG,DB12010
Q13627,HAS_RELATED_DRUG,DB12010
Q13873,HAS_RELATED_DRUG,DB12010
Q13882,HAS_RELATED_DRUG,DB12010
Q14012,HAS_RELATED_DRUG,DB12010
Q14164,HAS_RELATED_DRUG,DB12010
Q14289,HAS_RELATED_DRUG,DB12010
Q14680,HAS_RELATED_DRUG,DB12010
Q15139,HAS_RELATED_DRUG,DB12010
Q15208,HAS_RELATED_DRUG,DB12010
Q15303,HAS_RELATED_DRUG,DB12010
Q15375,HAS_RELATED_DRUG,DB12010
Q15418,HAS_RELATED_DRUG,DB12010
Q15569,HAS_RELATED_DRUG,DB12010
Q15746,HAS_RELATED_DRUG,DB12010
Q16288,HAS_RELATED_DRUG,DB12010
Q16512,HAS_RELATED_DRUG,DB12010
Q16513,HAS_RELATED_DRUG,DB12010
Q16539,HAS_RELATED_DRUG,DB12010
Q16584,HAS_RELATED_DRUG,DB12010
Q16620,HAS_RELATED_DRUG,DB12010
Q16816,HAS_RELATED_DRUG,DB12010
Q16832,HAS_RELATED_DRUG,DB12010
Q2M2I8,HAS_RELATED_DRUG,DB12010
Q2M3G0,HAS_RELATED_DRUG,DB12010
Q32MK0,HAS_RELATED_DRUG,DB12010
Q52WX2,HAS_RELATED_DRUG,DB12010
Q56UN5,HAS_RELATED_DRUG,DB12010
Q59H18,HAS_RELATED_DRUG,DB12010
Q5S007,HAS_RELATED_DRUG,DB12010
Q6DT37,HAS_RELATED_DRUG,DB12010
Q6P3R8,HAS_RELATED_DRUG,DB12010
Q6PHR2,HAS_RELATED_DRUG,DB12010
Q6ZN16,HAS_RELATED_DRUG,DB12010
Q7KZI7,HAS_RELATED_DRUG,DB12010
Q7L7X3,HAS_RELATED_DRUG,DB12010
Q7Z460,HAS_RELATED_DRUG,DB12010
Q86UE8,HAS_RELATED_DRUG,DB12010
Q86V86,HAS_RELATED_DRUG,DB12010
Q86YV6,HAS_RELATED_DRUG,DB12010
Q8IU85,HAS_RELATED_DRUG,DB12010
Q8IVH8,HAS_RELATED_DRUG,DB12010
Q8IW41,HAS_RELATED_DRUG,DB12010
Q8IY84,HAS_RELATED_DRUG,DB12010
Q8IYT8,HAS_RELATED_DRUG,DB12010
Q8N4C8,HAS_RELATED_DRUG,DB12010
Q8N568,HAS_RELATED_DRUG,DB12010
Q8N5S9,HAS_RELATED_DRUG,DB12010
Q8NEV4,HAS_RELATED_DRUG,DB12010
Q8NFD2,HAS_RELATED_DRUG,DB12010
Q8NG66,HAS_RELATED_DRUG,DB12010
Q8NI60,HAS_RELATED_DRUG,DB12010
Q8TBX8,HAS_RELATED_DRUG,DB12010
Q8TD08,HAS_RELATED_DRUG,DB12010
Q8TD19,HAS_RELATED_DRUG,DB12010
Q8TDR2,HAS_RELATED_DRUG,DB12010
Q8WU08,HAS_RELATED_DRUG,DB12010
Q92772,HAS_RELATED_DRUG,DB12010
Q92918,HAS_RELATED_DRUG,DB12010
Q96BR1,HAS_RELATED_DRUG,DB12010
Q96D53,HAS_RELATED_DRUG,DB12010
Q96GD4,HAS_RELATED_DRUG,DB12010
Q96L34,HAS_RELATED_DRUG,DB12010
Q96NX5,HAS_RELATED_DRUG,DB12010
Q96PY6,HAS_RELATED_DRUG,DB12010
Q96Q40,HAS_RELATED_DRUG,DB12010
Q96RR4,HAS_RELATED_DRUG,DB12010
Q99640,HAS_RELATED_DRUG,DB12010
Q99759,HAS_RELATED_DRUG,DB12010
Q99808,HAS_RELATED_DRUG,DB12010
Q9BQI3,HAS_RELATED_DRUG,DB12010
Q9BRS2,HAS_RELATED_DRUG,DB12010
Q9BUB5,HAS_RELATED_DRUG,DB12010
Q9BVS4,HAS_RELATED_DRUG,DB12010
Q9BXA7,HAS_RELATED_DRUG,DB12010
Q9BYT3,HAS_RELATED_DRUG,DB12010
Q9C098,HAS_RELATED_DRUG,DB12010
Q9H093,HAS_RELATED_DRUG,DB12010
Q9H0K1,HAS_RELATED_DRUG,DB12010
Q9H1R3,HAS_RELATED_DRUG,DB12010
Q9H2G2,HAS_RELATED_DRUG,DB12010
Q9H2K8,HAS_RELATED_DRUG,DB12010
Q9H2X6,HAS_RELATED_DRUG,DB12010
Q9H3Y6,HAS_RELATED_DRUG,DB12010
Q9H422,HAS_RELATED_DRUG,DB12010
Q9H4B4,HAS_RELATED_DRUG,DB12010
Q9HAZ1,HAS_RELATED_DRUG,DB12010
Q9HBH9,HAS_RELATED_DRUG,DB12010
Q9NQU5,HAS_RELATED_DRUG,DB12010
Q9NRH2,HAS_RELATED_DRUG,DB12010
Q9NRP7,HAS_RELATED_DRUG,DB12010
Q9NSY1,HAS_RELATED_DRUG,DB12010
Q9NWZ3,HAS_RELATED_DRUG,DB12010
Q9NYL2,HAS_RELATED_DRUG,DB12010
Q9NYY3,HAS_RELATED_DRUG,DB12010
Q9P0L2,HAS_RELATED_DRUG,DB12010
Q9P286,HAS_RELATED_DRUG,DB12010
Q9P289,HAS_RELATED_DRUG,DB12010
Q9P2K8,HAS_RELATED_DRUG,DB12010
Q9UBF8,HAS_RELATED_DRUG,DB12010
Q9UEE5,HAS_RELATED_DRUG,DB12010
Q9UEW8,HAS_RELATED_DRUG,DB12010
Q9UF33,HAS_RELATED_DRUG,DB12010
Q9UGI9,HAS_RELATED_DRUG,DB12010
Q9UGJ0,HAS_RELATED_DRUG,DB12010
Q9UHD2,HAS_RELATED_DRUG,DB12010
Q9UIK4,HAS_RELATED_DRUG,DB12010
Q9UK32,HAS_RELATED_DRUG,DB12010
Q9UKE5,HAS_RELATED_DRUG,DB12010
Q9UKI8,HAS_RELATED_DRUG,DB12010
Q9UL54,HAS_RELATED_DRUG,DB12010
Q9UM73,HAS_RELATED_DRUG,DB12010
Q9UNQ0,HAS_RELATED_DRUG,DB12010
Q9UPZ9,HAS_RELATED_DRUG,DB12010
Q9UQB9,HAS_RELATED_DRUG,DB12010
Q9UQM7,HAS_RELATED_DRUG,DB12010
Q9Y2H1,HAS_RELATED_DRUG,DB12010
Q9Y2H9,HAS_RELATED_DRUG,DB12010
Q9Y2K2,HAS_RELATED_DRUG,DB12010
Q9Y2U5,HAS_RELATED_DRUG,DB12010
Q9Y463,HAS_RELATED_DRUG,DB12010
Q9Y478,HAS_RELATED_DRUG,DB12010
Q9Y4K4,HAS_RELATED_DRUG,DB12010
Q9Y616,HAS_RELATED_DRUG,DB12010
Q9Y6E0,HAS_RELATED_DRUG,DB12010
Q9Y6R4,HAS_RELATED_DRUG,DB12010
Q99870,HAS_RELATED_DRUG,DB12010
P00734,HAS_RELATED_DRUG,DB12364
P00742,HAS_RELATED_DRUG,DB12364
P08183,HAS_RELATED_DRUG,DB12364
Q12809,HAS_RELATED_DRUG,DB12364
P23219,HAS_RELATED_DRUG,DB12445
O15244,HAS_RELATED_DRUG,DB12598
O15245,HAS_RELATED_DRUG,DB12598
P00734,HAS_RELATED_DRUG,DB12598
P00742,HAS_RELATED_DRUG,DB12598
P00748,HAS_RELATED_DRUG,DB12598
P05362,HAS_RELATED_DRUG,DB12598
P06870,HAS_RELATED_DRUG,DB12598
P07477,HAS_RELATED_DRUG,DB12598
P00734,HAS_RELATED_DRUG,DB12831
P00736,HAS_RELATED_DRUG,DB12831
P00747,HAS_RELATED_DRUG,DB12831
P03952,HAS_RELATED_DRUG,DB12831
P07477,HAS_RELATED_DRUG,DB12831
P09871,HAS_RELATED_DRUG,DB12831
P00742,HAS_RELATED_DRUG,DB13149
P04070,HAS_RELATED_DRUG,DB13149
P12259,HAS_RELATED_DRUG,DB13149
P00451,HAS_RELATED_DRUG,DB13151
P00488,HAS_RELATED_DRUG,DB13151
P00734,HAS_RELATED_DRUG,DB13151
P00740,HAS_RELATED_DRUG,DB13151
P00742,HAS_RELATED_DRUG,DB13151
P02671,HAS_RELATED_DRUG,DB13151
P02675,HAS_RELATED_DRUG,DB13151
P08709,HAS_RELATED_DRUG,DB13151
P12259,HAS_RELATED_DRUG,DB13151
P12821,HAS_RELATED_DRUG,DB13166
O00305,HAS_RELATED_DRUG,DB13746
O00555,HAS_RELATED_DRUG,DB13746
O43497,HAS_RELATED_DRUG,DB13746
O60359,HAS_RELATED_DRUG,DB13746
O60840,HAS_RELATED_DRUG,DB13746
O95180,HAS_RELATED_DRUG,DB13746
P00185,HAS_RELATED_DRUG,DB13746
P04800,HAS_RELATED_DRUG,DB13746
P05178,HAS_RELATED_DRUG,DB13746
P05183,HAS_RELATED_DRUG,DB13746
P08683,HAS_RELATED_DRUG,DB13746
P08684,HAS_RELATED_DRUG,DB13746
P10632,HAS_RELATED_DRUG,DB13746
P11711,HAS_RELATED_DRUG,DB13746
P11712,HAS_RELATED_DRUG,DB13746
P33261,HAS_RELATED_DRUG,DB13746
P35498,HAS_RELATED_DRUG,DB13746
P35499,HAS_RELATED_DRUG,DB13746
P54284,HAS_RELATED_DRUG,DB13746
P54289,HAS_RELATED_DRUG,DB13746
P62955,HAS_RELATED_DRUG,DB13746
Q00975,HAS_RELATED_DRUG,DB13746
Q01118,HAS_RELATED_DRUG,DB13746
Q01668,HAS_RELATED_DRUG,DB13746
Q02641,HAS_RELATED_DRUG,DB13746
Q06432,HAS_RELATED_DRUG,DB13746
Q08289,HAS_RELATED_DRUG,DB13746
Q13698,HAS_RELATED_DRUG,DB13746
Q13936,HAS_RELATED_DRUG,DB13746
Q14524,HAS_RELATED_DRUG,DB13746
Q15858,HAS_RELATED_DRUG,DB13746
Q15878,HAS_RELATED_DRUG,DB13746
Q7Z3S7,HAS_RELATED_DRUG,DB13746
Q8IZS8,HAS_RELATED_DRUG,DB13746
Q8WXS5,HAS_RELATED_DRUG,DB13746
Q99250,HAS_RELATED_DRUG,DB13746
Q9BXT2,HAS_RELATED_DRUG,DB13746
Q9NY46,HAS_RELATED_DRUG,DB13746
Q9NY47,HAS_RELATED_DRUG,DB13746
Q9P0X4,HAS_RELATED_DRUG,DB13746
Q9UBN1,HAS_RELATED_DRUG,DB13746
Q9UF02,HAS_RELATED_DRUG,DB13746
Q9UI33,HAS_RELATED_DRUG,DB13746
Q9UQD0,HAS_RELATED_DRUG,DB13746
Q9Y5Y9,HAS_RELATED_DRUG,DB13746
Q9Y698,HAS_RELATED_DRUG,DB13746
Q86DI9,HAS_RELATED_DRUG,DB13746
P08183,HAS_RELATED_DRUG,DB13919
P10632,HAS_RELATED_DRUG,DB13919
P11712,HAS_RELATED_DRUG,DB13919
P23219,HAS_RELATED_DRUG,DB13919
P30556,HAS_RELATED_DRUG,DB13919
P35503,HAS_RELATED_DRUG,DB13919
Q9Y6L6,HAS_RELATED_DRUG,DB13919
O00305,HAS_RELATED_DRUG,DB13961
O60840,HAS_RELATED_DRUG,DB13961
O60939,HAS_RELATED_DRUG,DB13961
P08684,HAS_RELATED_DRUG,DB13961
P19838,HAS_RELATED_DRUG,DB13961
P35354,HAS_RELATED_DRUG,DB13961
P35498,HAS_RELATED_DRUG,DB13961
P35499,HAS_RELATED_DRUG,DB13961
P36956,HAS_RELATED_DRUG,DB13961
P37231,HAS_RELATED_DRUG,DB13961
P54284,HAS_RELATED_DRUG,DB13961
Q00653,HAS_RELATED_DRUG,DB13961
Q01118,HAS_RELATED_DRUG,DB13961
Q01668,HAS_RELATED_DRUG,DB13961
Q02641,HAS_RELATED_DRUG,DB13961
Q03181,HAS_RELATED_DRUG,DB13961
Q07699,HAS_RELATED_DRUG,DB13961
Q07869,HAS_RELATED_DRUG,DB13961
Q08289,HAS_RELATED_DRUG,DB13961
Q13698,HAS_RELATED_DRUG,DB13961
Q13936,HAS_RELATED_DRUG,DB13961
Q14524,HAS_RELATED_DRUG,DB13961
Q15858,HAS_RELATED_DRUG,DB13961
Q5NUL3,HAS_RELATED_DRUG,DB13961
Q8IWT1,HAS_RELATED_DRUG,DB13961
Q96PD7,HAS_RELATED_DRUG,DB13961
Q99250,HAS_RELATED_DRUG,DB13961
Q9NY46,HAS_RELATED_DRUG,DB13961
Q9NY72,HAS_RELATED_DRUG,DB13961
Q9UI33,HAS_RELATED_DRUG,DB13961
Q9UQD0,HAS_RELATED_DRUG,DB13961
Q9Y5Y9,HAS_RELATED_DRUG,DB13961
P05023,HAS_RELATED_DRUG,DB14500
Q13621,HAS_RELATED_DRUG,DB14500
P00813,HAS_RELATED_DRUG,DB14598
P08684,HAS_RELATED_DRUG,DB14598
P11511,HAS_RELATED_DRUG,DB14598
P27169,HAS_RELATED_DRUG,DB14598
Q15166,HAS_RELATED_DRUG,DB14598
P00813,HAS_RELATED_DRUG,DB14600
P08684,HAS_RELATED_DRUG,DB14600
P11511,HAS_RELATED_DRUG,DB14600
P27169,HAS_RELATED_DRUG,DB14600
Q15166,HAS_RELATED_DRUG,DB14600
P12821,HAS_RELATED_DRUG,DB15565
